,,,,,,,,,,,,,,,,,,,,,,,,,,,,,,,,,,,,,,,,,,,,,,,,,,,,,,,,,,,,,,,,,,,,,,,,,,,,
,,,,,,,"Area 1",,,,,,,,,,,,,"Area 2",,,,,,,,,,"Area 3",,,,,,,,"Area 4",,,,,,,,,,,,,,,,,"Area 5",,,,,,,,,,,,,,,,,,,,,
,,,,,,,1A,,1B,,1C,,1D,,,,,1E,,2A,2B,2C,2D,2E,2F,2G,2H,,,3A,,3B,,3C,,3D,,4A,,,,,,,4B,,,4C,4D,,,,,,5A,,,,5B,,,,,,,,5C,,,,,5D,,,,
,,,,,,,,,,,,,1Di,,1Dii,,,,,,,,,,,,,,,,,,,,,,,4Ai,,4Aii,,4Aiii,,,4Bi,4Bii,,,4Di,4Dii,4Diii,4Div,,,5Ai,5Aii,5Aiii,,5Bi,5Bii,5Biii,5Biv,5Bv,5Bvi,5Bvii,,5Ci,5Cii,5Ciii,5Civ,,5Di,5Dii,5Diii,,
,Year,"ISO Code",Countries,"Economic Freedom Summary Index",Rank,Quartile,"Government consumption",data,"Transfers and subsidies",data,"Government investment",data,"Top marginal income tax rate",data,"Top marginal income and payroll tax rate",data,"Top marginal tax rate","State Ownership of Assets","Size of Government","Judicial independence","Impartial courts","Protection of property rights","Military interference in rule of law and politics","Integrity of the legal system","Legal enforcement of contracts","Regulatory restrictions on the sale of real property","Reliability of police","Gender Legal Rights Adjustment","Legal System & Property Rights","Money growth",data,"Standard deviation of inflation",data,"Inflation: Most recent year",data,"Freedom to own foreign currency bank accounts","Sound Money","Revenue from trade taxes (% of trade sector)",data,"Mean tariff rate",data,"Standard deviation of tariff rates",data,Tariffs,"Non-tariff trade barriers","Compliance costs of importing and exporting","Regulatory trade barriers","Black market exchange rates","Financial openness","Capital controls","Freedom of foreigners to visit","Protection of foreign assets","Controls of the movement of capital and people","Freedom to trade internationally","Ownership of banks","Private sector credit","Interest rate controls/negative real interest rates)","Credit market regulations","Hiring regulations and minimum wage","Hiring and firing regulations","Centralized collective bargaining","Hours Regulations","Mandated cost of worker dismissal",Conscription,"Foreign Labor","Labor market regulations","Regulatory Burden","Bureacracy costs","Impartial Public Administration","Tax compliance","Business regulations","Market openness","Business Permits","Distorton of the business environment","Freedom to enter markets and compete",Regulation
,2021,AGO,Angola,5.38,149,4,7.18,15.59,9.70,1.59,8.90,18.85,9.00,25.00,7.00,33.00,8.00,4.75,7.71,3.65,2.82,3.33,4.17,4.27,1.15,5.52,2.09,0.88,3.18,7.03,14.83,6.29,9.27,4.85,25.75,5.00,5.79,9.39,0.91,7.82,10.90,3.81,15.48,7.01,3.60,2.51,3.06,10.00,2.50,2.31,0.00,3.18,2.00,5.52,5.00,8.94,4.00,5.98,6.25,4.57,6.97,4.00,6.63,0.00,3.56,4.57,2.94,4.67,4.90,4.64,4.29,3.10,7.92,1.25,4.09,4.73
,2021,ALB,Albania,7.60,31,1,7.76,13.62,7.13,11.02,7.55,23.59,9.00,23.00,7.00,34.00,8.00,8.23,7.73,4.48,4.22,4.42,8.33,5.35,3.42,6.72,5.30,1.00,5.28,9.78,1.08,9.00,2.50,9.59,2.04,10.00,9.59,9.65,0.53,9.28,3.60,8.10,4.75,9.01,8.40,9.41,8.90,10.00,2.93,4.62,8.74,6.90,5.80,8.43,10.00,7.70,10.00,9.23,6.53,5.65,5.58,8.00,6.30,10.00,7.76,7.12,5.65,6.22,5.79,3.59,5.31,6.81,5.62,6.25,6.23,6.97
,2021,ARE,"United Arab Emirates",7.35,50,2,3.83,26.99,7.96,7.99,0.00,54.45,10.00,0.00,10.00,16.00,10.00,4.62,5.28,5.91,6.82,7.63,8.33,6.21,5.64,9.91,9.30,0.88,7.03,9.66,1.70,6.28,9.30,10.00,-0.01,10.00,8.99,10.00,0.00,9.04,4.80,6.43,8.93,8.49,7.31,8.33,7.82,10.00,10.00,5.38,0.00,7.55,5.73,8.01,5.00,10.00,8.00,7.67,8.75,8.75,7.38,6.00,10.00,0.00,7.41,6.90,7.03,6.89,7.21,9.35,7.62,8.05,10.00,5.00,7.68,7.47
,2021,ARG,Argentina,4.77,158,4,5.69,20.65,5.54,16.88,8.70,19.54,7.00,35.00,1.00,57.00,4.00,7.10,6.21,4.81,4.27,4.79,7.50,4.77,3.38,6.86,5.96,0.88,4.98,5.08,24.58,5.50,11.25,0.58,47.10,5.00,4.04,4.42,8.36,7.32,13.40,5.82,10.45,5.85,4.42,5.65,5.04,0.96,2.67,0.00,0.00,3.03,1.42,3.32,5.00,6.80,5.00,5.60,3.88,3.94,3.19,10.00,2.52,10.00,7.09,5.80,2.71,5.11,7.12,4.50,4.86,6.14,5.73,2.92,4.93,5.30
,2021,ARM,Armenia,7.58,33,1,6.47,17.99,7.32,10.35,8.98,18.58,9.00,22.00,7.00,32.00,8.00,8.04,7.76,4.90,4.71,5.56,5.00,6.25,4.06,9.82,7.08,1.00,5.92,8.78,6.12,9.13,2.18,8.56,7.18,10.00,9.12,8.98,1.53,8.74,6.30,8.14,4.66,8.62,4.09,9.32,6.71,10.00,7.93,6.15,10.00,5.05,7.29,8.15,10.00,7.21,10.00,9.07,5.83,7.13,7.25,10.00,9.25,0.00,6.02,6.50,5.17,4.67,6.37,6.02,5.56,5.59,9.30,5.00,6.63,6.94
,2021,AUS,Australia,8.05,8,1,2.77,30.57,5.16,18.27,9.31,17.42,5.00,45.00,4.00,47.00,4.50,7.87,5.92,8.46,8.15,9.22,10.00,9.08,7.84,8.14,7.96,1.00,8.61,9.05,4.73,9.65,0.86,9.43,2.86,10.00,9.53,8.61,2.08,9.52,2.40,9.04,2.40,9.06,7.75,8.43,8.09,10.00,10.00,4.62,0.00,5.85,5.12,8.07,10.00,7.45,10.00,9.15,6.95,8.97,6.08,10.00,7.93,10.00,2.10,7.43,3.98,7.11,9.69,8.16,7.24,9.36,8.95,7.73,8.68,8.12
,2021,AUT,Austria,7.69,28,1,2.85,30.31,1.98,29.92,10.00,13.20,4.00,55.00,3.00,59.00,3.50,6.42,4.95,7.76,7.71,9.31,10.00,9.03,7.16,8.10,9.30,1.00,8.55,7.20,14.02,9.85,0.39,9.45,2.77,10.00,9.12,8.60,2.10,8.98,5.10,6.61,8.48,8.06,7.08,9.98,8.53,10.00,10.00,3.08,8.85,8.45,7.59,8.55,8.00,7.89,10.00,8.63,8.20,8.75,2.49,6.00,10.00,3.00,4.75,6.17,4.47,7.33,8.74,6.77,6.83,7.94,7.30,7.22,7.48,7.28
,2021,AZE,Azerbaijan,5.99,122,3,5.77,20.38,7.71,8.90,0.00,57.60,9.00,25.00,4.00,44.00,6.50,3.04,4.60,4.05,2.97,4.65,5.00,4.21,6.13,7.61,7.55,0.82,4.81,8.76,6.21,5.26,11.85,8.67,6.65,5.00,6.92,8.73,1.91,8.30,8.50,5.72,10.71,7.58,5.82,8.20,7.01,10.00,4.82,4.62,2.77,4.36,4.14,7.18,5.00,10.00,9.00,8.00,6.67,6.75,8.18,6.00,8.50,1.00,7.50,6.37,7.21,6.67,2.28,6.26,5.60,4.53,9.02,3.75,5.77,6.44
,2021,BDI,Burundi,5.40,148,4,3.20,29.11,10.00,0.39,9.12,18.07,8.00,30.00,5.00,38.00,6.50,4.74,6.71,4.10,2.54,3.71,,2.78,1.40,8.55,3.94,0.82,3.52,6.63,16.86,7.28,6.80,8.32,8.40,10.00,8.06,5.07,7.40,7.44,12.80,5.14,12.16,5.88,4.77,1.14,2.96,2.56,1.25,1.54,0.00,3.19,1.50,3.22,5.00,0.00,10.00,5.00,8.75,6.38,7.45,8.00,7.76,10.00,5.13,7.64,4.91,2.44,3.21,4.95,3.88,4.30,9.76,2.50,5.52,5.51
,2021,BEL,Belgium,7.43,46,2,2.08,32.93,1.49,31.73,10.00,11.30,2.00,50-55,0.00,66-69,1.00,7.97,4.51,7.72,7.29,8.93,10.00,8.26,6.86,4.90,7.55,1.00,7.69,7.13,14.34,9.74,0.64,9.51,2.44,10.00,9.10,8.60,2.10,8.98,5.10,6.61,8.48,8.06,7.82,9.98,8.90,10.00,10.00,3.85,0.00,8.93,5.69,8.16,8.00,7.91,10.00,8.64,6.95,7.50,5.85,6.00,10.00,10.00,6.81,7.59,3.50,7.78,9.51,6.74,6.88,8.07,7.46,7.50,7.68,7.70
,2021,BEN,Benin,6.41,98,3,7.94,13.00,9.77,1.34,10.00,13.06,5.00,40.00,2.00,54.00,3.50,8.73,7.99,5.53,3.77,4.08,,6.07,1.02,6.61,5.84,0.88,4.43,9.58,-2.08,9.35,1.62,9.65,1.73,0.00,7.15,5.84,6.24,7.58,12.10,7.05,7.38,6.82,3.82,5.16,4.49,10.00,1.53,0.77,0.00,3.86,1.54,5.71,10.00,9.75,10.00,9.92,6.38,6.28,7.60,8.00,7.57,1.00,5.66,6.07,4.54,4.22,7.77,4.74,5.32,4.29,9.48,3.75,5.84,6.79
,2021,BFA,"Burkina Faso",6.14,115,3,5.35,21.81,9.56,2.10,6.98,25.56,9.00,25.00,4.00,42.00,6.50,7.78,7.23,4.86,3.30,4.75,3.33,6.10,2.32,4.82,3.79,0.82,3.79,8.72,6.38,8.68,3.31,9.27,3.65,0.00,6.67,7.69,3.46,7.58,12.10,7.05,7.38,7.44,6.47,3.60,5.03,10.00,3.32,0.77,0.00,5.29,2.34,6.20,10.00,7.86,10.00,9.29,5.83,6.47,6.87,6.00,7.94,10.00,5.79,6.99,3.77,4.22,6.20,4.74,4.73,6.03,8.93,3.75,6.24,6.81
,2021,BGD,Bangladesh,5.81,132,4,9.45,7.88,9.23,3.31,7.55,23.59,9.00,25.00,9.00,25.00,9.00,6.37,8.32,3.22,3.17,3.85,4.17,3.61,0.47,2.67,3.34,0.76,2.70,9.19,4.06,9.61,0.98,8.89,5.55,0.00,6.92,7.50,3.75,7.20,14.00,6.25,9.38,6.98,5.32,0.00,2.66,10.00,3.32,0.00,0.00,5.25,2.14,5.45,5.00,9.09,10.00,8.03,8.75,4.43,6.28,10.00,1.37,10.00,3.79,6.37,3.88,2.89,1.47,3.81,3.01,5.55,6.45,3.75,5.25,5.67
,2021,BGR,Bulgaria,7.46,43,2,4.55,24.52,4.88,19.30,9.15,17.98,10.00,10.00,7.00,35.00,8.50,6.89,6.79,5.60,4.46,5.15,8.33,5.50,3.79,8.72,4.88,1.00,5.81,8.86,5.69,9.39,1.53,9.34,3.30,10.00,9.40,8.60,2.10,8.98,5.10,6.61,8.48,8.06,6.46,9.85,8.16,10.00,8.13,4.62,8.85,6.40,7.00,8.30,10.00,8.09,9.00,9.03,5.28,7.13,7.18,6.00,9.25,10.00,5.11,7.14,4.52,5.33,5.12,3.78,4.69,6.06,9.33,6.25,7.21,7.02
,2021,BHR,Bahrain,7.44,45,2,3.39,28.48,9.43,2.58,10.00,14.29,10.00,0.00,10.00,17.00,10.00,2.56,7.08,5.37,4.55,7.67,5.00,5.16,4.89,9.40,8.23,0.65,5.18,9.95,0.27,7.73,5.66,9.88,-0.61,10.00,9.39,9.68,0.48,9.04,4.80,6.31,9.22,8.34,7.16,6.67,6.91,10.00,8.75,6.15,7.63,7.48,7.50,8.19,10.00,2.83,10.00,7.61,6.67,6.01,8.06,8.00,7.03,10.00,6.01,7.40,6.06,8.00,2.37,9.87,6.58,8.05,9.76,5.96,7.92,7.38
,2021,BHS,"Bahamas, The",6.55,93,3,6.11,19.21,7.97,7.96,10.00,6.12,10.00,0.00,10.00,9.00,10.00,,8.52,7.15,6.35,5.00,10.00,6.67,3.55,3.82,2.50,1.00,5.63,9.63,1.85,7.54,6.15,9.42,2.90,0.00,6.65,7.42,3.86,3.50,32.50,1.55,21.13,4.16,0.00,8.11,4.05,10.00,2.50,0.77,0.00,5.00,2.07,5.07,10.00,0.00,10.00,6.67,8.20,5.77,,8.00,6.55,10.00,5.00,7.25,,5.78,,6.63,6.20,8.00,7.98,6.25,7.41,6.88
,2021,BIH,"Bosnia and Herzegovina",6.66,82,2,5.31,21.94,5.39,17.43,9.66,16.20,10.00,10.00,3.00,47.00,6.50,6.94,6.76,4.13,3.16,4.38,,5.16,3.15,7.66,6.00,0.88,4.52,8.91,5.44,9.31,1.72,9.60,1.98,5.00,8.21,10.00,0.00,8.72,6.40,5.75,10.62,8.16,4.34,9.59,6.97,10.00,3.32,3.08,0.00,6.08,3.12,7.06,10.00,10.00,9.00,9.67,5.28,6.25,7.08,10.00,7.51,10.00,4.37,7.21,1.84,4.89,2.89,3.95,3.39,6.19,7.95,6.25,6.80,6.77
,2021,BLR,Belarus,6.23,109,3,4.60,24.37,5.72,16.20,10.00,12.22,10.00,13.00,5.00,36.00,7.50,3.42,6.25,3.52,3.31,0.00,5.00,3.61,3.49,9.91,7.50,0.88,4.27,8.39,8.05,9.19,2.03,8.11,9.46,10.00,8.92,8.45,2.32,8.66,6.70,6.73,8.17,7.95,2.50,9.70,6.10,10.00,1.53,1.54,0.00,0.00,0.77,6.20,2.00,8.97,9.00,6.66,7.50,6.38,,10.00,7.76,1.00,4.42,6.17,,4.22,2.50,5.78,4.17,5.56,8.34,1.25,5.05,5.51
,2021,BLZ,Belize,5.91,126,4,5.46,21.43,8.43,6.26,1.89,43.39,9.00,25.00,,,9.00,,6.20,4.49,3.97,4.87,,,1.66,7.29,2.50,0.88,3.89,9.27,3.66,8.77,3.07,9.35,3.24,0.00,6.85,7.47,3.79,7.62,11.90,4.10,14.76,6.40,4.45,6.09,5.27,10.00,3.32,0.00,0.00,5.00,2.08,5.94,10.00,4.61,10.00,8.20,6.38,5.77,,8.00,6.55,10.00,4.42,6.85,3.72,4.67,,7.93,5.44,5.15,8.60,5.00,6.25,6.69
,2021,BOL,Bolivia,6.08,117,3,5.19,22.34,8.84,4.77,0.00,65.70,10.00,13.00,10.00,13.00,10.00,5.68,5.94,3.42,2.63,2.99,4.17,4.28,3.50,6.75,3.86,1.00,3.95,9.68,1.58,8.67,3.32,9.85,0.74,10.00,9.55,9.24,1.14,7.64,11.80,6.22,9.44,7.70,4.98,3.05,4.01,10.00,3.48,4.62,0.00,3.27,2.84,6.14,8.00,4.92,10.00,7.64,1.80,1.25,5.01,8.00,,3.00,4.73,3.96,1.85,2.89,6.09,0.00,2.71,3.96,7.08,3.75,4.93,4.81
,2021,BRA,Brazil,6.58,90,3,4.75,23.85,5.47,17.14,10.00,13.45,8.00,28.00,2.00,52.00,5.00,7.53,6.55,5.17,4.80,6.19,5.83,5.02,3.05,8.24,3.18,1.00,5.19,8.47,7.65,8.68,3.30,8.34,8.30,10.00,8.87,8.79,1.81,7.34,13.30,6.12,9.71,7.42,4.52,7.87,6.19,10.00,4.57,2.31,0.00,6.35,3.31,6.73,5.00,8.67,7.00,6.89,3.62,6.06,5.48,6.00,7.13,3.00,4.70,5.14,1.14,6.22,5.63,1.25,3.56,7.36,5.40,7.50,6.75,5.59
,2021,BRB,Barbados,6.94,72,2,7.69,13.87,6.65,12.81,10.00,14.19,8.00,29.00,3.00,46.00,5.50,6.71,7.31,7.31,5.92,6.68,,7.72,2.09,7.58,5.70,0.88,5.78,9.53,2.34,9.59,1.03,9.40,3.00,5.00,8.38,8.01,2.99,7.66,11.70,1.90,20.24,5.86,5.78,6.16,5.97,10.00,4.23,0.00,0.00,7.17,2.85,6.17,8.00,10.00,10.00,9.33,6.95,4.78,6.37,8.00,5.68,10.00,4.27,6.58,3.26,6.89,7.26,6.15,5.89,5.48,5.00,8.75,6.41,7.05
,2021,BRN,"Brunei Darussalam",7.12,59,2,0.00,47.46,,,10.00,2.40,10.00,0.00,10.00,7.00,10.00,,6.67,5.63,4.56,5.27,8.33,6.67,4.59,4.80,8.24,0.71,5.13,9.79,1.04,5.85,10.37,9.65,1.73,10.00,8.82,,,9.94,0.30,8.94,2.65,9.44,6.30,2.34,4.32,10.00,9.45,6.15,0.00,6.32,5.48,7.31,,8.67,7.00,7.83,8.75,7.50,7.82,10.00,10.00,10.00,4.25,8.33,3.89,8.44,,9.71,7.35,6.83,9.56,5.00,7.13,7.66
,2021,BTN,Bhutan,6.62,87,3,4.27,25.47,9.46,2.47,2.73,40.43,7.00,33.00,8.00,26.00,7.50,5.30,5.85,6.40,5.91,5.77,,7.70,6.18,6.90,8.98,1.00,6.84,8.09,9.57,9.00,2.50,8.53,7.35,0.00,6.40,9.20,1.20,8.06,9.70,6.66,8.34,7.97,5.18,9.50,7.34,10.00,3.61,0.00,0.00,4.47,2.02,6.83,5.00,9.39,9.00,7.80,7.50,7.50,,10.00,10.00,10.00,5.00,8.33,2.54,4.44,7.53,7.21,5.43,6.77,8.47,6.25,7.16,7.18
,2021,BWA,Botswana,6.84,77,2,0.00,41.64,8.28,6.83,7.82,22.64,9.00,25.00,9.00,25.00,9.00,6.83,6.38,6.83,5.78,5.76,8.33,6.62,3.74,7.81,5.36,0.88,5.91,9.39,3.05,9.19,2.02,8.55,7.24,10.00,9.28,4.89,7.67,8.46,7.70,5.63,10.93,6.32,2.85,9.40,6.12,10.00,6.62,5.38,0.00,3.20,3.80,6.56,8.00,9.95,10.00,9.32,5.00,1.89,5.76,10.00,3.78,10.00,1.94,5.48,4.15,5.78,7.39,4.33,5.41,2.74,9.26,0.00,4.00,6.05
,2021,CAF,"Central African Republic",5.01,155,4,9.09,9.10,9.58,2.04,1.18,45.88,5.00,40.00,2.00,52.00,3.50,8.43,6.35,4.70,2.01,1.52,,3.74,0.25,4.97,0.00,0.76,2.17,8.19,9.06,9.06,2.35,9.15,4.26,0.00,6.60,7.21,4.18,6.40,18.00,6.18,9.54,6.60,2.50,2.28,2.39,10.00,1.00,1.54,0.00,2.50,1.26,5.06,5.00,10.00,10.00,8.33,1.25,6.00,,6.00,7.01,0.00,2.50,3.79,,0.67,1.81,3.54,2.00,5.08,7.31,3.75,5.38,4.88
,2021,CAN,Canada,7.98,10,1,3.39,28.47,5.85,15.74,10.00,14.50,5.00,45-54,5.00,45-54,5.00,7.19,6.28,7.98,7.90,8.86,10.00,8.66,6.38,8.68,7.94,1.00,8.30,8.54,7.30,8.85,2.89,9.32,3.40,10.00,9.18,9.80,0.30,9.20,4.00,2.21,19.48,7.07,7.97,9.89,8.93,10.00,10.00,7.69,0.00,8.51,6.55,8.14,10.00,7.97,10.00,9.32,6.95,7.89,7.24,8.00,8.27,10.00,6.43,7.83,4.83,7.11,8.53,6.77,6.81,8.45,6.85,8.75,8.02,7.99
,2021,CHE,Switzerland,8.47,3,1,6.01,19.55,5.52,16.95,10.00,12.00,8.00,26-43,6.00,35-50,7.00,9.03,7.51,8.61,8.89,9.52,10.00,8.83,6.67,9.60,9.52,1.00,8.96,9.75,1.24,9.75,0.63,9.88,0.58,10.00,9.85,9.90,0.15,8.88,5.60,0.00,26.38,6.26,6.86,9.91,8.39,10.00,10.00,3.08,8.85,8.88,7.70,8.09,8.00,9.85,10.00,9.28,8.75,8.75,7.90,6.00,10.00,0.00,5.37,6.68,6.32,7.33,9.78,8.40,7.96,8.02,8.37,7.50,7.96,7.97
,2021,CHL,Chile,7.66,30,1,6.16,19.07,6.83,12.12,10.00,10.93,6.00,40.00,6.00,40.00,6.00,8.38,7.47,7.57,6.89,8.31,7.50,7.39,6.08,9.10,7.36,0.82,6.86,9.11,4.45,8.86,2.84,9.10,4.52,10.00,9.27,9.85,0.22,8.80,6.00,9.83,0.42,9.49,8.50,6.83,7.67,10.00,8.50,2.31,0.00,8.31,4.78,7.99,8.00,6.01,7.00,7.00,6.05,3.32,8.30,10.00,2.52,0.00,7.10,5.33,4.02,7.56,7.46,5.84,6.22,8.92,7.74,8.47,8.38,6.73
,2021,CHN,China,6.18,111,3,3.14,29.32,8.29,6.76,3.87,36.46,6.00,45.00,6.00,45.00,6.00,4.10,5.08,4.41,3.78,5.48,4.17,3.85,4.83,8.32,5.71,0.88,4.77,9.81,0.96,9.34,1.66,9.80,0.98,5.00,8.49,9.50,0.75,8.50,7.50,7.48,6.30,8.49,5.40,8.64,7.02,10.00,3.32,0.00,0.00,5.93,2.31,6.96,2.00,7.49,9.00,6.16,8.20,3.76,6.05,10.00,2.52,0.00,4.77,5.04,5.63,3.56,3.66,6.40,4.81,5.37,9.11,4.93,6.47,5.62
,2021,CIV,"CÃ´te d'Ivoire",6.04,119,3,7.91,13.09,9.38,2.77,6.09,28.67,3.00,47.00,1.00,58.00,2.00,7.64,6.61,4.67,4.25,4.96,4.17,5.01,4.49,6.93,4.52,0.88,4.59,9.21,3.97,9.35,1.62,9.18,4.09,0.00,6.94,5.24,7.13,7.58,12.10,7.05,7.38,6.62,5.11,1.83,3.47,10.00,3.32,0.77,0.00,5.72,2.45,5.64,10.00,8.08,5.00,7.69,5.28,6.28,7.36,8.00,7.57,3.00,5.39,6.13,4.04,4.44,5.81,6.45,5.19,6.68,8.25,5.00,6.64,6.41
,2021,CMR,Cameroon,5.72,137,4,7.61,14.11,9.42,2.62,8.17,21.39,5.00,39.00,4.00,43.00,4.50,6.42,7.23,3.64,3.58,4.53,4.17,3.83,2.33,3.97,3.78,0.47,2.74,9.52,2.42,9.57,1.07,9.55,2.27,0.00,7.16,7.05,4.42,6.36,18.20,6.29,9.28,6.57,5.16,0.00,2.58,10.00,3.32,1.54,0.00,5.35,2.55,5.42,5.00,7.54,10.00,7.51,6.12,6.00,6.63,8.00,7.01,10.00,5.31,7.01,4.23,3.56,1.80,4.00,3.40,6.07,8.83,3.75,6.22,6.03
,2021,COD,"Congo, Dem. Rep.",5.33,150,4,8.40,11.44,9.92,0.80,10.00,10.01,5.00,40.00,2.00,51.00,3.50,6.05,7.57,3.53,1.60,3.00,3.33,3.25,0.49,5.96,1.57,0.76,2.51,7.26,13.71,3.65,15.87,8.20,8.99,5.00,6.03,9.11,1.34,7.82,10.90,7.38,6.54,8.10,3.80,0.00,1.90,10.00,3.32,0.77,0.00,4.11,2.05,5.51,0.00,9.06,8.00,5.69,3.33,7.50,6.33,8.00,10.00,3.00,3.60,5.97,3.20,0.00,4.11,3.06,2.59,6.15,8.90,2.50,5.85,5.02
,2021,COG,"Congo, Rep.",4.85,156,4,3.05,29.62,8.07,7.57,10.00,6.36,5.00,40.00,2.00,55.00,3.50,4.55,5.83,4.35,1.87,4.34,5.00,2.86,2.76,4.51,2.50,0.59,2.80,8.52,-7.41,3.06,17.36,9.66,1.72,0.00,5.31,8.85,1.72,7.62,11.90,7.00,7.50,7.82,5.00,0.00,2.50,10.00,2.93,1.54,1.66,5.00,2.78,5.78,0.00,10.00,4.00,4.67,1.80,5.02,,4.00,7.53,10.00,2.50,5.14,3.25,2.67,4.27,2.88,3.27,4.44,8.23,2.50,5.06,4.53
,2021,COL,Colombia,6.60,89,3,6.32,18.50,7.16,10.91,6.58,26.97,7.00,39.00,7.00,39.00,7.00,7.61,6.93,5.48,4.83,5.07,4.17,4.69,3.74,9.06,3.41,0.94,4.91,9.06,4.72,9.22,1.95,9.30,3.50,5.00,8.14,9.33,1.00,8.84,5.80,6.20,9.51,8.12,4.88,3.89,4.39,10.00,5.84,1.54,0.00,6.52,3.47,6.50,10.00,5.44,10.00,8.48,6.95,4.91,6.67,10.00,4.82,1.00,6.34,5.81,2.80,5.78,4.60,4.82,4.50,7.38,8.75,5.97,7.37,6.54
,2021,COM,Comoros,5.63,139,4,8.98,9.47,,,3.05,39.34,8.00,30.00,7.00,34.00,7.50,6.17,6.42,4.23,2.69,3.41,,3.51,2.08,6.93,2.50,0.71,3.09,9.28,3.62,8.72,3.19,8.97,5.13,0.00,6.74,,,6.98,15.10,6.62,8.46,6.80,2.50,6.37,4.43,10.00,1.22,4.17,0.00,2.50,1.97,5.80,,7.83,10.00,8.91,3.33,4.16,,6.00,8.32,10.00,0.00,5.30,,2.00,3.99,5.69,3.89,4.72,9.17,5.00,6.30,6.10
,2021,CPV,"Cabo Verde",7.38,48,2,3.57,27.87,8.62,5.57,10.00,10.41,8.00,28.00,4.00,44.00,6.00,7.63,7.16,6.27,6.03,5.30,,7.44,5.53,8.92,5.28,1.00,6.39,9.40,3.02,9.52,1.20,9.63,1.86,10.00,9.64,6.77,4.84,7.96,10.20,4.74,13.16,6.49,5.06,6.66,5.86,10.00,7.20,9.23,0.00,5.48,5.48,6.96,10.00,7.31,10.00,9.10,4.45,5.03,6.65,8.00,5.07,1.00,5.51,5.10,4.53,6.44,6.40,6.49,5.97,6.14,9.27,5.00,6.80,6.74
,2021,CRI,"Costa Rica",7.76,21,1,5.69,20.64,8.14,7.34,9.31,17.41,9.00,25.00,4.00,44.00,6.50,7.48,7.42,7.25,6.43,7.06,10.00,6.58,4.26,8.67,4.48,0.94,6.64,9.49,2.54,9.66,0.85,9.65,1.73,10.00,9.70,8.97,1.54,8.88,5.60,6.35,9.13,8.07,6.23,7.47,6.85,10.00,10.00,6.15,9.85,7.20,8.30,8.30,5.00,7.49,10.00,7.50,4.87,5.33,5.91,8.00,5.66,10.00,6.23,6.57,2.78,4.67,9.11,6.65,5.80,6.04,8.67,6.47,7.06,6.73
,2021,CYP,Cyprus,7.57,34,1,4.46,24.84,4.70,19.95,10.00,13.05,7.00,35.00,6.00,39.00,6.50,7.74,6.68,6.81,6.57,7.06,8.33,7.97,4.50,7.30,6.95,0.94,6.73,7.06,14.71,9.41,1.47,9.51,2.45,10.00,9.00,8.60,2.10,8.98,5.10,6.61,8.48,8.06,8.40,9.32,8.86,10.00,8.75,6.15,0.00,8.16,5.77,8.17,10.00,8.47,10.00,9.49,5.28,7.50,6.29,10.00,10.00,1.00,4.82,6.41,4.45,8.22,7.85,9.33,7.46,6.19,5.00,6.25,5.81,7.29
,2021,CZE,Czechia,7.81,17,1,2.31,32.15,4.10,22.14,9.14,18.00,9.00,23.00,5.00,45.00,7.00,8.40,6.19,6.81,6.00,8.12,10.00,7.83,4.52,8.17,7.30,1.00,7.34,8.91,5.46,9.54,1.16,9.23,3.84,10.00,9.42,8.60,2.10,8.98,5.10,6.61,8.48,8.06,8.27,9.98,9.13,10.00,10.00,3.08,8.85,8.97,7.72,8.73,10.00,8.19,9.00,9.06,6.95,6.38,7.82,10.00,7.76,10.00,5.08,7.71,2.91,6.00,7.16,5.80,5.47,7.30,6.91,7.50,7.24,7.37
,2021,DEU,Germany,7.73,23,1,2.64,31.01,1.75,30.77,10.00,11.90,5.00,47.00,5.00,47.00,5.00,8.92,5.66,7.53,8.45,8.59,10.00,8.60,8.03,6.85,7.17,1.00,8.15,7.17,14.16,9.73,0.67,9.37,3.14,10.00,9.07,8.60,2.10,8.98,5.10,6.61,8.48,8.06,8.28,9.18,8.73,10.00,10.00,3.08,0.00,8.47,5.39,8.04,5.00,8.78,10.00,7.93,6.95,5.63,6.01,8.00,6.26,10.00,6.89,7.10,5.69,7.11,9.90,7.53,7.56,8.64,8.86,7.50,8.34,7.73
,2021,DJI,Djibouti,5.79,135,4,4.21,25.68,,,7.14,25.00,8.00,30.00,4.00,43.00,6.00,4.70,5.51,5.68,2.47,3.41,,4.25,1.58,7.71,5.44,0.65,3.59,0.00,54.38,9.32,1.71,9.70,1.48,10.00,7.26,,,5.82,20.90,6.66,8.36,6.24,2.50,4.62,3.56,10.00,6.54,3.85,0.00,2.50,3.22,5.76,,9.61,9.00,9.30,3.05,7.50,,6.00,10.00,10.00,5.00,6.93,,1.56,5.09,7.07,4.57,6.03,8.53,5.00,6.52,6.83
,2021,DNK,Denmark,8.10,7,1,1.54,34.76,4.38,21.11,9.97,15.10,3.00,52.00,2.00,56.00,2.50,7.49,5.18,8.53,8.81,9.17,10.00,9.62,7.71,9.73,9.04,1.00,9.08,9.26,3.69,9.62,0.96,9.63,1.85,10.00,9.63,8.60,2.10,8.98,5.10,6.61,8.48,8.06,7.10,9.98,8.54,10.00,10.00,6.92,0.00,8.73,6.41,8.25,10.00,10.00,10.00,10.00,8.75,10.00,5.59,8.00,10.00,3.00,6.00,7.33,4.79,6.44,9.15,8.01,7.10,8.71,9.87,8.75,9.11,8.39
,2021,DOM,"Dominican Republic",7.30,51,2,7.44,14.72,9.60,1.97,10.00,11.39,9.00,25.00,7.00,33.00,8.00,8.73,8.75,5.17,4.38,5.45,5.00,5.50,3.02,8.26,4.01,1.00,5.10,8.82,5.88,9.21,1.97,8.35,8.24,10.00,9.10,8.90,1.65,8.48,7.60,5.99,10.03,7.79,6.49,8.88,7.68,10.00,7.85,3.85,0.00,7.02,4.68,7.54,5.00,6.57,10.00,7.19,5.28,2.64,6.07,8.00,2.78,10.00,6.46,5.89,3.27,5.33,5.80,4.47,4.72,6.08,7.55,5.00,6.21,6.00
,2021,DZA,Algeria,4.82,157,4,3.47,28.21,7.82,8.51,4.00,36.01,7.00,35.00,2.00,53.00,4.50,2.47,4.45,4.04,3.03,5.06,3.33,4.72,3.12,6.63,5.90,0.71,3.82,8.01,9.96,6.75,8.14,8.55,7.23,5.00,7.08,8.48,2.28,6.20,19.00,5.90,10.26,6.86,2.62,0.48,1.55,5.62,1.53,0.77,0.00,4.33,1.66,3.92,0.00,8.01,7.00,5.00,4.03,5.63,6.52,6.00,7.76,3.00,3.23,5.17,4.22,3.33,2.63,4.76,3.74,4.41,8.77,3.13,5.44,4.84
,2021,ECU,Ecuador,6.46,96,3,5.90,19.93,9.59,2.00,7.51,23.72,7.00,35.00,4.00,48.00,5.50,6.52,7.00,4.39,3.56,4.73,2.50,5.08,3.71,8.82,4.53,1.00,4.66,9.86,-0.70,9.40,1.51,9.97,0.13,5.00,8.56,6.53,5.20,7.76,11.20,4.76,13.10,6.35,4.84,5.24,5.04,10.00,7.25,1.54,0.00,3.46,3.06,6.11,8.00,7.57,10.00,8.52,4.72,1.57,6.22,6.00,0.65,10.00,6.34,5.07,2.47,3.11,6.62,2.53,3.68,6.75,8.76,4.18,6.56,5.96
,2021,EGY,"Egypt, Arab Rep.",5.47,144,4,9.36,8.19,7.07,11.25,0.00,81.63,9.00,25.00,5.00,40.00,7.00,3.06,5.30,5.62,3.88,5.95,1.67,4.62,3.05,8.20,5.69,0.41,3.41,8.05,9.75,6.65,8.36,8.96,5.21,10.00,8.42,8.28,2.58,6.20,19.00,0.00,138.89,4.83,5.38,2.02,3.70,10.00,4.59,4.62,0.00,4.65,3.46,5.50,2.00,2.90,10.00,4.97,7.50,2.82,7.84,8.00,0.65,0.00,5.35,4.59,4.03,4.44,1.94,4.88,3.82,4.54,8.10,3.97,5.54,4.73
,2021,ESP,Spain,7.52,37,1,3.65,27.59,2.95,26.39,10.00,13.90,5.00,47.00,5.00,47.00,5.00,7.78,5.88,7.04,6.26,8.15,8.33,8.44,5.19,7.75,8.18,1.00,7.42,7.07,14.65,9.80,0.50,9.38,3.09,10.00,9.06,8.60,2.10,8.98,5.10,6.61,8.48,8.06,7.05,9.98,8.52,10.00,10.00,3.08,0.00,8.38,5.36,7.99,10.00,6.84,10.00,8.95,4.45,5.03,6.80,8.00,5.07,10.00,6.61,6.57,3.14,5.78,9.11,6.70,6.18,7.38,8.51,6.25,7.38,7.27
,2021,EST,Estonia,7.95,12,1,3.19,29.15,5.50,17.01,8.77,19.30,10.00,20.00,4.00,42.00,7.00,7.65,6.42,7.94,6.78,8.69,8.33,7.72,6.74,9.50,7.91,1.00,7.95,7.52,12.39,9.06,2.34,9.07,4.65,10.00,8.91,8.60,2.10,8.98,5.10,6.61,8.48,8.06,8.05,9.94,8.99,10.00,10.00,5.38,0.00,8.91,6.07,8.28,10.00,9.21,9.00,9.40,7.08,7.76,8.67,4.00,9.25,3.00,4.40,6.31,5.20,8.67,9.62,9.72,8.30,8.08,9.24,8.75,8.69,8.18
,2021,ETH,Ethiopia,5.44,145,4,8.56,10.90,8.91,4.49,6.12,28.57,7.00,35.00,3.00,48.00,5.00,5.73,6.86,3.81,3.67,3.96,3.33,5.88,5.27,7.04,4.47,0.88,4.41,8.02,9.88,7.63,5.92,4.63,26.84,5.00,6.32,5.58,6.63,6.60,17.00,5.24,11.90,5.81,3.43,9.81,6.62,0.00,2.42,0.00,0.00,4.69,1.78,3.55,2.00,8.97,10.00,6.99,5.83,6.02,3.74,10.00,7.04,10.00,4.55,6.74,3.74,3.78,4.09,5.82,4.36,5.53,9.02,3.75,6.10,6.05
,2021,FIN,Finland,7.81,17,1,2.24,32.37,3.49,24.41,9.23,17.70,3.00,48-54,2.00,54-59,2.50,7.05,4.90,8.60,8.43,9.67,10.00,9.67,7.53,7.52,9.77,1.00,8.90,7.10,14.50,9.74,0.65,9.56,2.19,10.00,9.10,8.60,2.10,8.98,5.10,6.61,8.48,8.06,7.72,9.13,8.43,10.00,10.00,3.08,0.00,8.83,5.48,7.99,10.00,8.94,10.00,9.65,5.70,8.75,2.80,8.00,10.00,3.00,6.17,6.35,6.49,6.67,9.13,8.25,7.63,9.89,9.86,7.50,9.08,8.18
,2021,FJI,Fiji,6.32,101,3,4.90,23.34,9.08,3.89,5.51,30.73,7.00,44.00,7.00,44.00,7.00,7.31,6.76,4.82,5.02,2.16,,5.96,4.94,7.71,2.50,0.94,4.59,9.57,2.17,8.90,2.74,9.97,0.16,0.00,7.11,5.56,6.67,8.42,7.90,0.00,38.08,4.66,2.50,6.53,4.51,10.00,4.57,0.00,0.00,5.00,2.39,5.39,10.00,8.70,10.00,9.57,6.95,9.14,,10.00,8.27,10.00,7.50,8.64,4.58,6.67,6.43,4.87,5.64,6.52,8.62,6.25,7.13,7.74
,2021,FRA,France,7.40,47,2,2.49,31.53,1.49,31.75,10.00,14.80,4.00,51.00,2.00,61-62,3.00,7.43,4.88,7.13,7.30,8.52,8.33,8.21,6.26,6.81,7.30,1.00,7.48,7.05,14.74,9.70,0.74,9.67,1.64,10.00,9.11,8.60,2.10,8.98,5.10,6.61,8.48,8.06,8.00,9.98,8.99,10.00,10.00,5.38,0.00,8.59,5.99,8.26,8.00,7.32,10.00,8.44,3.62,6.21,6.63,4.00,8.13,10.00,6.53,6.45,4.28,7.11,9.01,6.72,6.78,7.67,7.44,7.22,7.44,7.28
,2021,GAB,Gabon,5.41,147,4,4.21,25.68,9.45,2.53,10.00,13.55,5.00,40.00,2.00,53.00,3.50,5.44,6.52,4.32,3.13,3.33,3.33,5.03,1.46,4.86,2.64,0.82,3.20,9.64,-1.82,4.99,12.52,9.78,1.09,0.00,6.10,7.33,4.00,6.46,17.70,6.18,9.56,6.66,3.36,3.57,3.46,10.00,2.07,1.54,6.31,3.30,3.30,5.86,5.00,10.00,10.00,8.33,3.62,4.25,5.86,8.00,8.50,10.00,2.26,6.07,3.44,4.22,6.80,1.46,3.98,2.85,6.43,0.00,3.09,5.37
,2021,GBR,"United Kingdom",8.01,9,1,3.82,27.02,5.26,17.90,9.14,18.00,6.00,45.00,2.00,64.00,4.00,8.29,6.10,7.76,7.45,8.75,10.00,8.17,6.55,8.02,7.24,1.00,7.99,9.21,3.94,9.27,1.83,9.50,2.52,10.00,9.49,9.74,0.39,9.22,3.90,7.13,7.18,8.70,7.06,9.32,8.19,10.00,10.00,4.62,8.08,9.15,7.96,8.71,8.00,4.12,10.00,7.37,8.20,9.27,7.40,8.00,8.53,10.00,6.24,8.23,5.56,5.56,8.78,6.86,6.69,9.34,9.52,7.23,8.69,7.75
,2021,GEO,Georgia,7.71,25,1,7.54,14.36,6.49,13.38,5.68,30.12,10.00,20.00,10.00,20.00,10.00,7.29,7.40,5.53,4.96,5.42,,6.51,5.90,9.98,6.03,1.00,6.33,7.78,11.09,9.09,2.28,8.09,9.57,10.00,8.74,9.91,0.14,9.72,1.40,8.77,3.07,9.47,5.75,9.58,7.67,10.00,8.75,6.92,7.52,6.96,7.54,8.67,10.00,3.13,10.00,7.71,5.83,8.38,7.08,8.00,9.25,3.00,5.95,6.78,6.08,7.78,6.67,7.54,7.02,8.11,9.89,6.25,8.08,7.40
,2021,GHA,Ghana,6.41,98,3,8.11,12.43,9.25,3.27,10.00,8.99,8.00,30.00,4.00,41.00,6.00,8.08,8.29,6.22,4.96,5.27,5.00,5.94,3.11,7.37,5.05,0.94,5.21,7.77,11.13,9.37,1.57,8.01,9.97,0.00,6.29,7.32,4.03,7.58,12.10,7.05,7.38,7.31,4.69,3.96,4.33,10.00,2.50,3.85,0.00,5.72,3.02,6.16,8.00,3.62,10.00,7.21,7.50,2.50,6.31,8.00,0.00,10.00,5.44,5.68,4.76,4.44,3.42,6.23,4.72,6.11,8.14,6.25,6.83,6.11
,2021,GIN,Guinea,5.62,140,4,6.03,19.49,,,8.27,21.06,5.00,40.00,2.00,52.00,3.50,6.85,6.16,4.45,2.66,2.88,0.83,3.86,2.69,7.59,4.11,0.82,3.31,8.00,10.02,7.52,6.19,7.48,12.60,5.00,7.00,9.26,1.11,7.58,12.10,7.05,7.38,7.96,4.54,1.91,3.23,10.00,2.50,0.83,0.00,4.01,1.84,5.76,,8.79,10.00,9.40,4.67,5.80,6.32,6.00,8.13,3.00,4.11,5.43,4.42,3.56,2.19,4.01,3.54,4.96,8.44,2.18,5.19,5.89
,2021,GMB,"Gambia, The",7.11,62,2,8.51,11.07,9.58,2.04,6.15,28.48,9.00,25.00,9.00,25.00,9.00,7.04,8.05,5.98,4.73,5.03,3.33,6.36,3.13,6.06,4.73,0.88,4.63,8.70,6.50,9.54,1.16,8.53,7.37,10.00,9.19,6.86,4.71,7.58,12.10,7.05,7.38,7.16,4.65,4.80,4.73,10.00,5.28,7.69,0.00,5.31,4.57,6.62,10.00,9.35,9.00,9.45,5.00,5.26,6.86,10.00,5.51,10.00,6.30,6.99,5.45,4.22,6.64,5.67,5.50,5.43,8.09,5.31,6.28,7.05
,2021,GNB,Guinea-Bissau,5.53,141,4,7.57,14.26,9.51,2.29,2.97,39.60,10.00,12.00,8.00,30.00,9.00,8.19,7.45,5.01,1.95,2.77,4.17,4.79,1.65,7.32,2.50,0.41,2.66,9.64,1.80,8.31,4.23,9.55,2.24,0.00,6.87,6.65,5.03,7.58,12.10,7.05,7.38,7.09,5.00,4.33,4.66,10.00,0.82,0.77,0.00,2.50,1.02,5.69,10.00,6.64,4.00,6.88,3.68,3.76,,8.00,2.52,3.00,5.00,4.33,3.22,2.89,3.33,5.03,3.61,4.07,8.54,2.50,5.04,4.96
,2021,GRC,Greece,6.94,72,2,4.66,24.15,2.77,27.04,6.51,27.20,4.00,54.00,1.00,66.00,2.50,7.49,4.79,6.16,4.96,5.22,8.33,7.44,3.71,7.93,5.28,1.00,6.13,6.78,16.11,9.69,0.78,9.76,1.22,10.00,9.06,8.60,2.10,8.98,5.10,6.61,8.48,8.06,7.29,9.44,8.36,10.00,8.71,5.38,8.85,5.46,7.10,8.38,10.00,3.06,9.00,7.35,6.05,4.68,5.58,6.00,5.51,3.00,5.84,5.24,2.62,5.11,7.98,6.04,5.44,7.58,7.98,6.25,7.27,6.32
,2021,GTM,Guatemala,7.50,40,1,8.35,11.62,8.96,4.33,10.00,10.90,10.00,7.00,9.00,21.00,9.50,8.39,9.04,4.93,3.36,6.40,5.83,4.74,1.69,8.36,1.66,0.94,4.49,8.80,5.99,9.83,0.42,9.15,4.26,10.00,9.44,9.27,1.10,8.88,5.60,7.47,6.33,8.54,7.73,6.62,7.18,10.00,8.75,6.92,0.00,6.96,5.66,7.84,10.00,9.67,9.00,9.56,5.42,4.39,6.90,4.00,1.27,10.00,5.31,5.33,3.37,4.89,3.89,6.11,4.56,7.33,7.22,7.50,7.35,6.70
,2021,GUY,Guyana,5.43,146,4,5.41,21.62,,,0.00,53.55,5.00,40.00,3.00,50.00,4.00,6.03,3.86,5.54,4.85,4.62,6.67,4.29,3.47,7.62,1.68,0.94,4.70,9.93,-0.34,2.99,17.53,8.99,5.03,5.00,6.73,,,7.66,11.70,4.90,12.75,6.28,5.61,1.45,3.53,10.00,6.79,5.38,0.00,5.17,4.34,6.04,10.00,0.00,4.00,4.67,8.20,5.48,,4.00,7.41,10.00,5.60,6.78,4.18,3.56,5.99,4.82,4.63,6.71,7.52,7.50,7.24,5.83
,2021,HKG,"Hong Kong SAR, China",8.55,2,1,7.00,16.20,8.81,4.85,6.13,28.55,10.00,17.00,10.00,17.00,10.00,7.66,7.92,7.16,8.56,9.36,5.83,6.49,8.06,6.95,8.21,1.00,7.58,9.12,4.38,9.48,1.31,9.69,1.57,10.00,9.57,10.00,0.00,10.00,0.00,10.00,0.00,10.00,9.16,9.67,9.41,10.00,10.00,7.69,0.00,9.23,6.73,9.04,10.00,6.40,10.00,8.80,8.75,9.75,8.63,10.00,9.50,10.00,6.83,9.07,7.31,6.22,4.83,9.81,7.04,9.71,9.79,9.45,9.65,8.64
,2021,HND,Honduras,6.97,71,2,7.44,14.70,9.36,2.85,10.00,12.87,9.00,27.00,9.00,27.00,9.00,8.53,8.87,4.79,3.25,4.62,4.17,4.32,1.32,7.59,1.76,0.94,3.86,8.39,8.03,9.54,1.14,9.10,4.48,10.00,9.26,9.61,0.59,8.84,5.80,6.59,8.53,8.35,6.35,4.10,5.22,10.00,3.32,2.31,0.00,4.83,2.61,6.55,10.00,7.90,9.00,8.97,2.50,2.51,5.74,8.00,2.52,10.00,5.45,5.24,2.97,4.00,4.62,6.36,4.49,5.84,8.75,5.00,6.53,6.31
,2021,HRV,Croatia,7.25,53,2,3.56,27.90,4.86,19.36,7.83,22.58,7.00,36-42,2.00,56-60,4.50,6.90,5.53,5.47,4.87,4.79,8.33,7.20,3.78,8.39,5.44,1.00,6.04,8.93,5.33,9.66,0.85,9.49,2.55,10.00,9.52,8.60,2.10,8.98,5.10,6.61,8.48,8.06,7.54,9.98,8.76,10.00,6.71,3.85,8.85,6.44,6.46,8.32,8.00,8.94,10.00,8.98,4.67,6.25,6.72,6.00,7.51,10.00,3.67,6.40,1.58,6.67,6.18,6.35,5.19,5.78,8.52,5.96,6.75,6.83
,2021,HTI,Haiti,6.15,114,3,9.67,7.11,9.92,0.81,7.54,23.62,8.00,30.00,4.00,43.00,6.00,7.87,8.20,3.81,1.93,2.62,0.00,2.62,1.94,2.76,2.95,0.76,2.06,8.41,7.93,8.60,3.50,6.63,16.84,5.00,7.16,,,9.02,4.90,7.41,6.47,8.22,4.36,7.27,5.81,10.00,8.75,6.15,0.00,5.85,5.19,7.30,8.00,9.14,6.00,7.71,7.08,6.25,6.94,10.00,10.00,10.00,5.11,7.91,2.32,0.67,1.61,5.22,2.45,1.24,9.30,7.50,6.01,6.02
,2021,HUN,Hungary,7.36,49,2,2.89,30.18,6.08,14.89,7.71,23.00,10.00,15.00,5.00,40.00,7.50,5.64,5.96,5.53,5.38,6.22,10.00,6.29,3.91,8.03,5.86,1.00,6.40,8.44,7.82,9.59,1.02,8.98,5.11,10.00,9.25,8.60,2.10,8.98,5.10,6.61,8.48,8.06,7.01,9.97,8.49,10.00,10.00,3.85,8.85,8.13,7.71,8.56,8.00,7.31,9.00,8.10,6.12,6.38,6.24,4.00,7.76,10.00,6.93,6.77,3.30,6.44,5.64,5.95,5.33,6.15,7.78,5.00,6.31,6.63
,2021,IDN,Indonesia,6.93,74,2,7.61,14.11,9.43,2.61,10.00,11.13,8.00,30.00,7.00,35.00,7.50,6.10,8.13,5.87,4.38,5.58,3.33,5.27,3.72,6.69,5.31,0.82,4.58,9.46,2.68,8.99,2.51,9.69,1.56,10.00,9.54,9.55,0.68,8.38,8.10,5.76,10.61,7.89,6.03,4.38,5.21,10.00,5.84,1.54,0.00,4.12,2.87,6.49,5.00,8.68,10.00,7.89,4.30,2.72,6.34,10.00,0.00,5.00,4.09,4.64,5.08,6.00,6.00,6.05,5.78,4.36,7.65,3.96,5.32,5.91
,2021,IND,India,6.62,87,3,7.14,15.74,8.23,7.00,7.40,24.10,7.00,43.00,7.00,43.00,7.00,8.44,7.64,6.29,5.36,5.45,6.67,6.59,3.08,6.34,5.17,0.88,5.29,9.12,4.39,8.88,2.80,8.97,5.13,5.00,7.99,9.09,1.37,6.34,18.30,2.31,19.22,5.91,5.38,7.35,6.36,10.00,2.42,0.00,0.77,6.67,2.46,6.19,2.00,5.84,9.00,5.61,6.35,5.14,6.28,4.00,6.30,10.00,4.72,6.11,5.18,5.33,6.01,5.66,5.54,5.57,9.18,5.21,6.65,5.98
,2021,IRL,Ireland,8.11,6,1,1.73,34.13,7.07,11.27,10.00,8.70,6.00,40.00,3.00,52.00,4.50,8.71,6.40,7.89,7.25,8.95,10.00,9.19,4.81,7.27,7.65,1.00,7.88,8.15,9.27,9.20,1.99,9.53,2.36,10.00,9.22,8.60,2.10,8.98,5.10,6.61,8.48,8.06,7.91,9.09,8.50,10.00,10.00,7.69,8.85,9.00,8.89,8.86,8.00,9.57,10.00,9.19,8.20,6.94,7.15,10.00,6.37,10.00,8.14,8.11,4.90,6.00,9.25,9.02,7.29,7.63,8.24,8.75,8.21,8.20
,2021,IRN,"Iran, Islamic Rep.",4.53,160,4,4.47,24.81,7.99,7.88,9.37,17.20,7.00,35.00,7.00,35.00,7.00,4.14,6.59,3.53,2.18,2.11,6.67,4.86,3.08,8.17,6.32,0.41,3.26,8.59,7.05,3.69,15.79,1.32,43.39,10.00,5.90,7.52,3.72,5.98,20.10,2.60,18.49,5.37,2.65,4.39,3.52,0.00,0.00,0.83,0.00,1.88,0.68,2.39,0.00,9.22,10.00,6.41,5.13,3.76,5.31,8.00,2.52,1.00,2.77,4.07,2.40,0.00,4.02,5.04,2.86,3.79,8.79,1.25,4.61,4.49
,2021,IRQ,Iraq,5.49,143,4,2.94,29.99,7.86,8.36,0.41,48.56,10.00,15.00,8.00,28.00,9.00,4.42,4.93,5.02,2.53,2.50,2.50,3.35,2.42,6.64,0.00,0.47,2.29,8.64,-6.82,2.68,18.30,8.79,6.04,10.00,7.53,9.67,0.50,,,,,9.67,7.50,0.46,3.98,10.00,7.50,2.31,0.00,5.00,3.70,6.84,,10.00,9.00,9.50,4.87,4.52,,6.00,6.55,10.00,2.50,5.74,5.15,0.00,2.31,4.50,2.99,4.06,8.20,3.46,5.24,5.87
,2021,ISL,Iceland,7.93,14,1,1.54,34.77,7.04,11.36,9.80,15.71,4.00,46.00,3.00,54.00,3.50,8.03,5.98,7.91,8.74,9.10,10.00,9.02,7.14,8.75,9.51,1.00,8.77,9.39,3.07,9.17,2.07,9.11,4.44,10.00,9.42,9.89,0.17,9.38,3.10,4.52,13.70,7.93,7.74,8.78,8.26,10.00,9.10,5.38,8.85,5.97,7.33,8.38,2.00,4.75,8.00,4.92,7.78,8.75,4.70,8.00,10.00,10.00,5.50,7.82,5.00,7.78,8.78,7.97,7.38,8.02,9.55,7.50,8.36,7.12
,2021,ISR,Israel,7.57,34,1,2.64,31.01,5.07,18.61,10.00,12.32,5.00,50.00,5.00,50.00,5.00,7.56,6.05,6.93,7.21,7.45,4.17,8.22,4.74,6.93,7.16,0.88,6.21,8.96,5.21,9.67,0.83,9.70,1.49,10.00,9.58,9.72,0.42,9.28,3.60,6.14,9.65,8.38,7.90,7.40,7.65,10.00,10.00,6.15,10.00,8.49,8.66,8.67,10.00,8.74,10.00,9.58,7.57,5.01,6.97,8.00,2.52,0.00,4.58,4.95,4.22,8.22,7.52,8.69,7.16,8.03,7.65,7.22,7.63,7.33
,2021,ITA,Italy,7.25,53,2,4.35,25.21,2.68,27.35,10.00,14.30,4.00,44-47,1.00,61-63,2.50,7.63,5.43,6.21,5.00,6.57,10.00,7.12,3.33,8.25,5.71,1.00,6.52,6.86,15.72,9.89,0.27,9.63,1.87,10.00,9.09,8.60,2.10,8.98,5.10,6.61,8.48,8.06,8.01,9.98,9.00,10.00,10.00,6.92,0.00,7.52,6.11,8.29,10.00,6.86,10.00,8.95,5.28,6.25,3.82,8.00,10.00,10.00,6.50,7.12,1.76,5.11,7.25,4.92,4.76,6.13,7.82,6.25,6.73,6.89
,2021,JAM,Jamaica,7.46,43,2,6.34,18.44,8.38,6.45,10.00,11.17,8.00,30.00,5.00,40.00,6.50,8.38,7.92,6.80,5.35,6.62,8.33,5.55,2.88,8.72,2.12,0.94,5.63,8.00,9.98,9.30,1.76,8.83,5.86,10.00,9.03,7.40,3.90,8.28,8.60,5.49,11.27,7.06,6.06,5.70,5.88,10.00,4.57,1.54,10.00,7.27,5.84,7.19,10.00,8.23,9.00,9.08,6.95,5.77,6.97,10.00,6.55,10.00,5.45,7.38,3.72,6.22,6.95,4.75,5.41,8.71,8.63,7.50,8.28,7.54
,2021,JOR,Jordan,7.30,51,2,6.44,18.09,8.11,7.45,7.86,22.50,9.00,31.00,5.00,46.00,7.00,7.78,7.44,5.91,5.64,5.85,5.83,6.59,3.12,6.72,7.74,0.47,4.36,9.91,0.44,9.66,0.85,9.73,1.35,10.00,9.83,9.10,1.35,7.98,10.10,3.86,15.35,6.98,7.06,6.73,6.90,10.00,8.75,6.15,0.00,6.54,5.36,7.31,10.00,6.20,10.00,8.73,6.38,7.50,7.19,6.00,10.00,10.00,5.96,7.58,4.64,5.78,7.36,6.96,6.18,6.09,9.82,7.22,7.71,7.55
,2021,JPN,Japan,7.79,20,1,3.39,28.46,3.95,22.70,8.31,20.91,3.00,56.00,3.00,56.00,3.00,9.44,5.62,7.80,7.77,9.34,8.33,8.63,6.19,8.01,9.36,0.88,7.70,9.48,2.60,9.73,0.68,9.95,-0.23,10.00,9.79,9.67,0.49,9.16,4.20,3.77,15.58,7.53,6.88,8.73,7.80,10.00,10.00,8.46,0.00,8.61,6.77,8.03,8.00,6.16,10.00,8.05,8.20,7.50,7.92,8.00,10.00,10.00,3.75,7.91,5.01,8.44,8.14,6.78,7.09,8.02,9.15,7.50,8.22,7.82
,2021,KAZ,Kazakhstan,7.13,58,2,6.33,18.47,7.57,9.40,10.00,11.37,10.00,10.00,7.00,31.00,8.50,5.79,7.64,4.24,4.24,5.32,8.33,4.98,4.34,9.91,5.34,0.88,5.49,9.61,1.95,8.60,3.50,8.39,8.04,10.00,9.15,7.95,3.08,8.86,5.70,7.20,7.01,8.00,5.88,4.89,5.38,10.00,4.87,2.31,0.00,4.42,2.90,6.57,8.00,8.94,10.00,8.98,7.50,7.13,7.85,10.00,9.25,3.00,5.39,7.16,4.94,5.33,3.58,6.46,5.08,4.65,9.24,3.75,5.88,6.77
,2021,KEN,Kenya,6.82,78,2,7.70,13.83,9.71,1.58,2.27,42.06,8.00,30.00,8.00,30.00,8.00,7.63,7.06,5.41,3.51,5.19,5.83,6.06,3.67,7.24,2.74,0.88,4.67,9.34,3.28,9.13,2.18,8.78,6.11,10.00,9.31,6.83,4.76,7.36,13.20,4.93,12.67,6.37,3.84,5.49,4.66,10.00,6.00,3.85,0.00,5.54,3.85,6.22,10.00,7.42,10.00,9.14,7.08,5.65,6.64,8.00,6.30,10.00,5.01,6.95,4.78,4.22,6.92,6.49,5.60,3.29,8.32,5.22,5.61,6.83
,2021,KGZ,"Kyrgyz Republic",6.88,75,2,6.64,17.41,7.30,10.42,,,10.00,10.00,7.00,32.00,8.50,7.10,7.38,4.53,2.59,3.69,,5.70,3.51,9.87,4.38,0.88,4.61,8.13,9.36,7.42,6.46,7.62,11.91,10.00,8.29,7.88,3.18,8.70,6.50,7.89,5.27,8.16,6.30,6.05,6.18,10.00,6.43,1.54,8.52,3.48,4.99,7.33,8.00,10.00,9.00,9.00,6.25,7.63,7.39,10.00,7.76,1.00,4.90,6.42,3.92,3.56,6.20,6.27,4.98,5.54,8.19,6.25,6.66,6.77
,2021,KHM,Cambodia,6.82,78,2,8.68,10.50,8.96,4.31,8.79,19.25,10.00,20.00,10.00,20.00,10.00,7.84,8.85,3.20,2.36,4.66,,1.92,2.16,7.55,4.59,1.00,3.78,7.82,10.89,9.29,1.78,9.42,2.92,10.00,9.13,9.02,1.48,7.96,10.20,6.70,8.26,7.89,5.33,4.00,4.66,10.00,6.25,5.38,0.00,5.39,4.26,6.70,,7.51,9.00,8.25,5.83,4.40,5.72,10.00,6.30,5.00,4.76,6.00,4.27,4.89,1.98,6.17,4.33,3.38,4.99,3.75,4.04,5.66
,2021,KOR,"Korea, Rep.",7.47,42,2,3.46,28.24,5.84,15.76,9.79,15.73,5.00,50.00,5.00,50.00,5.00,7.35,6.29,6.11,6.10,8.35,6.67,8.16,7.09,8.22,7.60,0.88,6.86,9.24,3.80,9.43,1.44,9.50,2.50,10.00,9.54,9.65,0.52,7.28,13.60,0.00,56.71,5.64,6.96,9.58,8.27,10.00,8.75,6.15,0.00,7.31,5.55,7.37,8.00,9.92,10.00,9.31,6.53,3.76,6.31,10.00,2.52,0.00,3.55,4.67,3.76,8.67,8.71,7.77,7.23,7.51,9.99,6.47,7.99,7.30
,2021,KWT,Kuwait,6.63,85,3,0.84,37.16,6.90,11.89,6.46,27.40,10.00,0.00,10.00,20.00,10.00,5.39,5.92,6.02,5.13,6.61,8.33,6.81,5.03,9.51,8.30,0.47,5.12,9.58,2.10,3.89,15.28,9.32,3.42,10.00,8.20,9.38,0.93,9.08,4.60,7.92,5.20,8.79,6.35,4.10,5.23,10.00,7.25,3.85,5.64,5.32,5.51,7.38,10.00,10.00,10.00,10.00,7.50,4.69,6.35,4.00,4.39,3.00,5.02,4.99,4.83,2.44,5.88,6.95,5.02,5.46,9.23,3.75,6.15,6.54
,2021,LAO,"Lao PDR",6.24,107,3,5.55,21.13,9.69,1.63,7.38,24.16,9.00,25.00,9.00,25.00,9.00,3.06,6.94,5.01,3.12,3.06,,3.12,1.54,8.45,6.44,1.00,4.39,6.35,18.24,9.46,1.35,9.25,3.76,5.00,7.52,9.02,1.47,8.28,8.60,7.25,6.88,8.18,6.51,7.45,6.98,10.00,1.00,1.54,0.00,5.04,1.89,6.76,,8.25,10.00,9.13,5.28,3.01,6.61,10.00,1.02,1.00,4.34,4.47,4.38,3.56,3.47,2.97,3.59,3.74,9.41,2.69,5.28,5.62
,2021,LBN,Lebanon,5.15,154,4,10.00,1.95,8.16,7.25,10.00,3.13,10.00,25.00,8.00,31.00,9.00,5.19,8.47,4.40,2.58,3.79,3.33,4.43,1.77,7.33,2.51,0.82,3.43,9.88,0.62,0.00,66.08,0.00,154.76,10.00,4.97,9.59,0.62,8.80,6.00,5.10,12.24,7.83,4.94,3.12,4.03,0.00,2.54,1.54,0.00,5.02,2.28,3.53,10.00,0.00,10.00,6.67,5.28,7.50,6.40,8.00,10.00,10.00,4.87,7.44,3.55,0.67,3.53,5.24,3.25,3.05,6.40,2.39,3.95,5.32
,2021,LBR,Liberia,5.82,130,4,2.25,32.36,8.64,5.47,4.11,35.63,9.00,25.00,7.00,33.00,8.00,7.07,6.01,5.44,2.56,3.61,5.00,4.42,1.44,4.80,2.43,1.00,3.71,9.86,-0.68,7.98,5.06,8.44,7.82,10.00,9.07,6.43,5.35,7.58,12.10,7.05,7.38,7.02,3.64,0.00,1.82,10.00,4.83,8.46,0.00,2.89,4.05,5.72,8.00,0.00,9.00,5.67,3.33,1.55,,8.00,3.09,10.00,2.70,4.78,3.24,2.89,4.78,4.22,3.78,2.96,9.46,0.00,4.14,4.59
,2021,LBY,Libya,4.65,159,4,0.00,50.05,,,0.00,78.85,10.00,14.00,9.00,25.00,9.50,5.43,3.73,4.41,1.67,1.64,5.00,5.25,1.81,,0.84,0.71,2.51,9.31,3.47,0.00,52.54,9.26,3.70,10.00,7.14,,,8.96,5.20,8.75,3.12,8.86,2.94,4.26,3.60,8.21,3.32,0.00,0.00,2.63,1.49,5.54,,10.00,4.00,7.00,4.87,3.44,,8.00,4.39,10.00,5.00,5.95,4.72,0.00,0.72,1.27,1.68,4.01,,1.25,2.63,4.31
,2021,LKA,"Sri Lanka",6.13,116,3,7.93,13.03,8.83,4.79,8.49,20.30,10.00,18.00,10.00,20.00,10.00,6.17,8.28,5.79,5.39,4.71,5.00,5.90,1.81,7.59,4.97,0.88,4.84,8.79,6.07,8.90,2.76,8.60,7.01,0.00,6.57,6.77,4.84,8.82,5.90,5.54,11.15,7.04,5.69,6.23,5.96,4.37,3.32,0.00,0.00,5.20,2.13,4.88,5.00,6.76,10.00,7.25,7.50,2.50,6.29,8.00,0.00,10.00,4.78,5.58,3.38,5.78,3.83,5.53,4.63,6.16,9.52,5.00,6.89,6.09
,2021,LSO,Lesotho,5.95,124,3,1.83,33.77,8.29,6.76,0.02,49.94,8.00,30.00,8.00,30.00,8.00,7.88,5.21,6.07,4.00,3.58,,6.64,1.96,6.49,4.65,0.94,4.63,8.46,7.71,9.10,2.26,8.79,6.05,5.00,7.84,7.52,3.72,8.46,7.70,5.69,10.78,7.22,2.93,9.81,6.37,10.00,2.07,1.54,0.00,2.08,1.42,6.25,10.00,10.00,10.00,10.00,3.33,3.27,4.37,8.00,6.55,10.00,2.10,5.37,4.45,4.00,5.63,3.17,4.31,2.99,7.91,0.00,3.63,5.83
,2021,LTU,Lithuania,7.95,12,1,4.95,23.18,5.55,16.83,10.00,14.50,7.00,32.00,5.00,41.00,6.00,8.19,6.94,7.17,5.84,6.85,8.33,7.27,6.87,9.67,7.23,1.00,7.40,7.56,12.18,9.25,1.88,9.06,4.68,10.00,8.97,8.60,2.10,8.98,5.10,6.61,8.48,8.06,7.64,9.78,8.71,10.00,8.75,6.92,8.85,6.67,7.80,8.64,10.00,9.52,10.00,9.84,6.12,6.75,8.31,8.00,8.50,3.00,5.49,6.60,3.80,8.44,6.83,7.59,6.66,7.04,9.71,7.50,8.08,7.80
,2021,LUX,Luxembourg,7.91,15,1,1.00,36.60,4.95,19.02,7.29,24.50,5.00,46.00,5.00,46.00,5.00,8.69,5.39,8.24,8.36,9.24,10.00,9.10,8.73,6.18,9.30,1.00,8.64,7.45,12.77,9.36,1.61,9.49,2.53,10.00,9.07,8.60,2.10,8.98,5.10,6.61,8.48,8.06,8.72,9.98,9.35,10.00,10.00,3.85,0.00,9.13,5.74,8.29,8.00,10.00,9.00,9.00,4.87,8.00,6.78,6.00,8.50,10.00,7.44,7.37,5.89,7.33,9.55,8.44,7.80,7.97,8.39,8.75,8.37,8.14
,2021,LVA,Latvia,7.71,25,1,3.96,26.54,4.87,19.32,7.63,23.30,7.00,31.00,4.00,46.00,5.50,8.07,6.01,6.95,4.52,6.84,8.33,8.33,6.51,9.03,6.85,1.00,7.17,7.53,12.34,8.99,2.53,9.34,3.28,10.00,8.97,8.60,2.10,8.98,5.10,6.61,8.48,8.06,7.92,9.42,8.67,10.00,8.75,6.92,8.85,7.04,7.89,8.66,10.00,6.69,8.00,8.23,5.00,6.38,8.03,10.00,7.76,10.00,5.93,7.59,4.25,8.44,9.14,7.81,7.41,8.08,7.79,7.50,7.79,7.75
,2021,MAR,Morocco,6.42,97,3,4.76,23.80,7.72,8.87,9.59,16.42,5.00,38.00,3.00,46.00,4.00,6.71,6.56,5.74,4.43,5.04,6.67,6.15,4.23,7.52,7.79,0.76,5.25,9.53,2.37,9.59,1.02,9.72,1.40,0.00,7.21,9.15,1.28,7.16,14.20,2.33,19.17,6.21,7.12,8.08,7.60,10.00,3.32,0.77,0.00,5.86,2.49,6.58,8.00,7.94,10.00,8.65,1.80,3.89,7.26,8.00,5.29,3.00,5.27,4.93,5.23,6.00,3.77,6.63,5.41,6.17,9.97,5.00,7.05,6.51
,2021,MDA,Moldova,7.18,57,2,6.81,16.86,6.54,13.18,10.00,13.03,10.00,12.00,7.00,35.00,8.50,7.35,7.84,4.95,4.13,4.93,6.67,6.82,4.66,9.57,5.96,1.00,5.96,8.64,6.82,9.51,1.21,8.98,5.11,5.00,8.03,9.30,1.05,8.92,5.40,7.58,6.05,8.60,5.56,8.79,7.18,10.00,3.32,0.77,10.00,4.92,4.75,7.63,10.00,8.86,10.00,9.62,4.03,5.89,7.58,6.00,6.79,3.00,5.07,5.48,4.02,6.22,6.25,6.47,5.74,5.58,6.38,2.50,4.82,6.42
,2021,MDG,Madagascar,5.92,125,4,5.09,22.70,9.56,2.13,6.57,27.02,10.00,20.00,7.00,34.00,8.50,7.08,7.36,4.16,3.09,3.29,1.67,4.36,1.48,5.15,2.50,0.65,2.65,8.55,7.26,9.34,1.64,8.84,5.81,5.00,7.93,7.91,3.13,7.66,11.70,7.19,7.02,7.59,4.91,5.09,5.00,10.00,3.32,0.77,0.00,5.18,2.32,6.23,10.00,5.16,6.00,7.05,2.50,4.81,7.22,8.00,7.12,1.00,5.19,5.12,3.13,2.89,3.74,6.47,4.06,6.11,7.69,2.92,5.57,5.45
,2021,MEX,Mexico,7.02,68,2,7.21,15.47,8.35,6.54,10.00,13.57,8.00,35.00,8.00,35.00,8.00,7.19,8.15,4.56,4.50,5.09,5.00,3.73,4.21,7.33,1.24,1.00,4.46,8.81,5.96,9.51,1.23,8.86,5.69,5.00,8.04,9.78,0.33,8.58,7.10,6.45,8.88,8.27,8.05,8.46,8.26,10.00,8.50,1.54,7.19,6.72,5.99,8.13,8.00,7.45,9.00,8.15,7.08,4.91,7.00,8.00,4.82,3.00,6.58,5.91,3.11,3.56,4.19,4.90,3.94,6.14,9.56,6.25,7.32,6.33
,2021,MKD,"North Macedonia",7.06,65,2,6.14,19.11,3.75,23.45,8.44,20.46,10.00,10.00,7.00,35.00,8.50,7.84,6.93,3.65,3.21,4.65,,5.37,3.22,8.38,5.70,0.94,4.74,9.02,4.92,9.40,1.49,9.35,3.23,5.00,8.19,9.59,0.62,8.66,6.70,6.54,8.64,8.26,3.73,9.61,6.67,10.00,5.16,3.08,8.74,6.79,5.94,7.72,10.00,8.15,10.00,9.38,7.37,7.44,5.74,8.00,7.38,10.00,5.94,7.41,3.31,8.22,4.43,8.08,6.01,6.97,9.43,7.50,7.97,7.69
,2021,MLI,Mali,5.80,133,4,6.45,18.08,9.67,1.70,5.11,32.10,5.00,37.00,2.00,53.00,3.50,7.60,6.47,4.87,2.53,4.33,3.33,5.19,2.57,5.80,3.23,0.71,3.40,8.74,6.28,9.71,0.72,9.21,3.93,0.00,6.92,8.21,2.69,7.58,12.10,7.05,7.38,7.61,4.78,5.30,5.04,10.00,3.32,0.77,0.00,4.70,2.20,6.21,10.00,8.11,5.00,7.70,5.28,6.28,5.45,8.00,7.57,0.00,4.94,5.36,4.01,3.11,4.14,5.95,4.30,6.01,8.88,5.00,6.63,6.00
,2021,MLT,Malta,7.73,23,1,2.20,32.51,6.28,14.16,10.00,10.43,7.00,35.00,7.00,35.00,7.00,6.80,6.46,6.81,6.07,8.41,10.00,7.76,5.18,5.24,6.39,0.94,6.78,7.64,11.78,9.85,0.37,9.70,1.50,10.00,9.30,8.60,2.10,8.98,5.10,6.61,8.48,8.06,8.53,8.92,8.72,10.00,10.00,7.69,0.00,8.54,6.56,8.34,10.00,7.33,10.00,9.11,6.12,7.50,7.32,8.00,10.00,10.00,6.77,7.96,4.79,6.67,6.35,7.97,6.44,7.32,8.00,7.50,7.60,7.78
,2021,MMR,Myanmar,5.33,150,4,2.98,29.86,9.89,0.92,6.59,26.95,9.00,25.00,9.00,25.00,9.00,3.68,6.43,3.35,2.11,2.56,2.50,4.03,0.94,7.36,2.80,0.88,3.02,8.52,7.42,9.38,1.54,8.73,6.33,0.00,6.66,9.51,0.73,8.70,6.50,7.35,6.63,8.52,2.49,0.89,1.69,10.00,1.53,0.77,0.00,2.35,1.16,5.34,0.00,8.69,9.00,5.90,8.20,5.76,,8.00,4.01,0.00,0.00,4.33,4.95,6.44,1.84,7.17,5.10,5.53,9.48,1.25,5.42,5.19
,2021,MNE,Montenegro,7.59,32,1,5.51,21.26,,,5.18,31.88,10.00,10.00,5.00,39.00,7.50,7.57,6.44,5.98,4.74,5.28,,6.65,3.65,7.68,6.69,0.94,5.64,9.76,1.22,9.18,2.06,9.52,2.41,10.00,9.61,7.80,3.30,9.26,3.70,7.90,5.25,8.32,7.86,9.29,8.58,10.00,2.50,6.92,9.62,6.54,6.40,8.32,10.00,8.49,10.00,9.50,7.08,7.63,6.47,10.00,7.76,10.00,6.46,7.91,5.00,6.67,5.05,5.82,5.63,8.03,9.25,8.75,8.67,7.93
,2021,MNG,Mongolia,7.04,67,2,5.31,21.93,4.81,19.53,6.89,25.90,10.00,10.00,7.00,31.00,8.50,7.21,6.55,5.34,3.90,3.68,8.33,6.14,6.88,9.11,5.03,1.00,6.05,7.99,10.04,8.44,3.90,8.53,7.35,10.00,8.74,8.79,1.82,8.96,5.20,8.98,2.55,8.91,6.24,2.59,4.42,10.00,6.35,6.15,2.77,4.79,5.01,7.09,,6.37,9.00,7.68,6.95,7.75,7.79,6.00,9.25,3.00,4.46,6.46,3.01,6.00,6.96,6.75,5.68,5.53,8.68,7.50,7.24,6.76
,2021,MOZ,Mozambique,6.03,120,3,5.38,21.71,9.37,2.82,8.44,20.47,7.00,32.00,5.00,38.00,6.00,5.27,6.89,4.50,3.25,3.37,7.50,5.38,1.81,7.54,3.65,0.94,4.49,8.90,5.50,8.23,4.44,8.86,5.69,0.00,6.50,8.92,1.62,7.94,10.30,7.03,7.42,7.97,4.54,7.40,5.97,10.00,2.42,0.00,0.00,5.28,1.93,6.46,10.00,9.92,9.00,9.64,4.17,1.25,5.44,6.00,0.00,0.00,3.17,2.86,3.30,3.78,4.40,6.38,4.46,5.83,8.98,3.75,6.19,5.79
,2021,MRT,Mauritania,5.78,136,4,5.07,22.75,0.00,0.00,10.00,10.98,5.00,40.00,5.00,40.00,5.00,7.00,5.42,3.74,3.25,3.80,,3.75,4.59,7.59,4.37,0.47,3.27,9.13,4.34,8.40,3.99,9.29,3.57,5.00,7.96,,,7.60,12.00,7.02,7.44,7.31,4.15,5.57,4.86,10.00,3.32,2.31,0.00,4.27,2.47,6.16,10.00,10.00,9.00,9.67,4.03,5.22,6.02,8.00,7.94,5.00,4.70,5.85,2.54,3.33,2.55,4.74,3.29,4.91,9.21,2.50,5.54,6.09
,2021,MUS,Mauritius,7.82,16,1,6.23,18.82,7.01,11.46,8.26,21.08,10.00,15.00,9.00,23.00,9.50,7.55,7.71,6.87,6.64,7.35,,6.93,5.35,9.48,6.82,1.00,7.06,8.62,6.91,9.59,1.03,9.19,4.03,10.00,9.35,9.82,0.27,9.84,0.80,8.56,3.60,9.41,8.25,8.54,8.40,10.00,7.25,4.62,0.00,7.01,4.72,8.13,8.00,0.00,10.00,6.00,7.08,6.75,6.24,10.00,8.50,10.00,5.30,7.70,5.02,8.44,4.47,6.72,6.16,8.09,9.36,5.00,7.48,6.84
,2021,MWI,Malawi,5.87,128,4,8.85,9.92,9.46,2.50,1.31,45.41,7.00,35.00,4.00,45.00,5.50,7.43,6.51,5.77,3.32,3.36,5.83,6.49,2.42,8.55,3.62,0.88,4.63,7.25,13.73,9.12,2.21,8.13,9.34,5.00,7.38,8.45,2.32,7.56,12.20,6.00,10.00,7.34,4.87,5.02,4.94,5.49,2.42,0.77,0.00,4.26,1.86,4.91,10.00,4.03,6.00,6.68,4.05,4.78,6.89,10.00,5.68,10.00,4.23,6.52,4.40,4.00,7.13,6.55,5.52,3.99,8.41,2.50,4.97,5.92
,2021,MYS,Malaysia,7.19,56,2,6.47,18.00,8.22,7.05,7.87,22.47,9.00,30.00,9.00,30.00,9.00,4.81,7.27,6.29,6.25,7.51,7.50,6.24,5.49,8.63,7.44,0.65,5.70,4.22,28.89,8.90,2.75,9.50,2.48,10.00,8.16,9.85,0.23,8.88,5.60,4.56,13.61,7.76,7.20,8.54,7.87,10.00,5.84,0.77,0.00,7.09,3.42,7.26,10.00,7.55,9.00,8.85,8.75,4.62,7.33,10.00,4.24,10.00,5.65,7.23,6.67,9.56,4.16,7.77,7.04,6.08,10.00,5.00,7.03,7.54
,2021,NAM,Namibia,6.16,113,3,4.34,25.24,8.71,5.24,10.00,14.41,6.00,37.00,6.00,37.00,6.00,6.61,7.13,6.83,5.84,4.62,10.00,7.67,3.66,4.63,3.97,0.94,5.73,8.68,6.61,8.86,2.85,9.28,3.62,0.00,6.70,3.07,10.40,8.46,7.70,5.60,11.01,5.71,5.20,5.27,5.24,10.00,3.32,0.77,0.00,3.08,1.79,5.68,10.00,0.00,10.00,6.67,5.00,4.14,6.15,10.00,8.27,10.00,2.11,6.52,4.80,4.22,8.90,3.31,5.31,2.67,8.31,0.00,3.66,5.54
,2021,NER,Niger,5.80,133,4,6.06,19.40,9.84,1.09,4.69,33.58,7.00,35.00,3.00,46.00,5.00,6.99,6.52,5.58,4.69,3.41,3.33,4.85,5.11,7.32,4.42,0.47,3.56,9.90,-0.48,9.49,1.27,9.23,3.84,0.00,7.16,3.82,9.27,7.58,12.10,7.05,7.38,6.15,5.00,4.38,4.69,10.00,3.32,0.77,0.00,2.50,1.65,5.62,10.00,6.63,5.00,7.21,3.33,4.94,,8.00,7.38,0.00,5.00,4.78,5.56,4.44,6.78,5.54,5.58,6.76,9.26,5.00,7.01,6.14
,2021,NGA,Nigeria,6.67,81,2,9.53,7.60,9.87,0.99,10.00,12.06,9.00,24.00,5.00,38.00,7.00,7.22,8.72,4.93,3.18,3.53,3.33,4.37,3.84,4.55,2.45,0.88,3.55,9.13,4.35,9.51,1.23,6.61,16.95,10.00,8.81,,,7.58,12.10,7.05,7.38,7.31,4.40,0.57,2.49,8.62,4.00,5.38,0.00,5.09,3.62,5.51,10.00,7.46,10.00,9.15,8.75,7.50,7.72,10.00,10.00,10.00,5.44,8.49,2.85,3.11,3.50,4.33,3.45,4.09,9.20,4.72,6.00,6.77
,2021,NIC,Nicaragua,6.52,95,3,7.06,16.00,9.75,1.43,2.73,40.46,8.00,30.00,3.00,47.00,5.50,5.74,6.15,2.96,1.80,3.29,3.33,2.29,3.50,6.97,3.80,1.00,3.49,9.77,1.14,9.57,1.06,9.01,4.93,10.00,9.59,9.58,0.63,8.86,5.70,7.08,7.30,8.51,7.12,6.07,6.60,10.00,7.50,5.38,0.00,4.38,4.32,7.35,10.00,9.63,9.00,9.54,5.83,5.63,5.53,2.00,6.26,10.00,4.96,5.74,3.32,3.56,2.00,5.12,3.50,3.93,7.24,4.72,5.30,6.02
,2021,NLD,Netherlands,7.76,21,1,0.44,38.51,2.55,27.85,9.71,16.00,4.00,50.00,4.00,50.00,4.00,7.78,4.90,8.15,8.68,9.24,10.00,9.26,7.71,7.95,8.14,1.00,8.64,7.19,14.06,9.73,0.67,9.46,2.68,10.00,9.10,8.60,2.10,8.98,5.10,6.61,8.48,8.06,8.11,9.98,9.04,10.00,10.00,8.46,0.00,8.71,6.79,8.48,5.00,9.09,10.00,8.03,5.83,6.27,5.18,10.00,7.53,10.00,6.91,7.39,5.66,6.44,8.61,6.83,6.89,8.09,8.29,8.75,8.37,7.67
,2021,NOR,Norway,7.67,29,1,0.74,37.47,4.82,19.51,7.74,22.90,6.00,38.00,3.00,53.00,4.50,7.04,4.97,8.46,8.70,8.97,10.00,9.55,8.20,9.12,8.99,1.00,9.00,9.16,4.20,6.85,7.87,9.30,3.48,10.00,8.83,9.89,0.16,8.82,5.90,0.00,27.14,6.24,7.71,9.85,8.78,10.00,10.00,4.62,8.85,8.33,7.95,8.24,10.00,10.00,5.00,8.33,6.12,7.50,4.73,6.00,10.00,0.00,6.43,5.83,4.75,7.11,9.59,7.68,7.28,8.09,9.13,6.25,7.82,7.32
,2021,NPL,Nepal,6.30,103,3,9.09,9.10,8.08,7.55,8.23,21.20,5.00,36.00,5.00,36.00,5.00,7.77,7.63,5.16,3.91,4.80,,6.78,1.67,7.98,5.05,0.94,4.90,8.07,9.65,9.27,1.82,9.18,4.09,0.00,6.63,3.64,9.54,7.46,12.70,3.19,17.02,4.76,2.43,7.94,5.19,10.00,2.93,0.00,0.00,3.21,1.54,5.37,8.00,10.00,10.00,9.33,5.83,3.80,5.60,10.00,2.60,10.00,4.62,6.07,3.55,6.89,6.26,4.14,5.21,5.39,8.98,7.50,7.29,6.97
,2021,NZL,"New Zealand",8.43,4,1,3.75,27.24,5.66,16.43,7.92,22.28,6.00,39.00,6.00,40.00,6.00,7.40,6.15,8.55,8.83,9.05,10.00,8.70,8.32,9.90,9.34,1.00,9.09,9.30,3.49,9.17,2.08,9.21,3.94,10.00,9.42,8.55,2.17,9.62,1.90,8.96,2.60,9.04,8.72,8.74,8.73,10.00,10.00,6.92,0.00,8.45,6.34,8.53,10.00,9.03,9.00,9.34,8.20,8.75,7.62,10.00,10.00,10.00,6.88,8.78,5.19,8.44,9.12,9.22,7.99,10.00,9.40,9.73,9.71,8.95
,2021,OMN,Oman,6.58,90,3,1.96,33.32,8.13,7.35,0.00,64.82,10.00,0.00,10.00,17.00,10.00,4.96,5.01,6.12,6.34,6.35,8.33,6.98,5.02,7.69,9.28,0.53,5.36,9.40,3.00,5.65,10.87,9.69,1.55,10.00,8.69,9.63,0.56,8.88,5.60,5.23,11.93,7.91,6.40,8.56,7.48,10.00,8.75,5.38,0.00,5.13,4.82,7.55,10.00,0.00,7.00,5.67,6.95,6.25,7.15,2.00,,10.00,4.41,6.13,5.66,5.56,6.40,8.37,6.50,6.83,8.88,4.71,6.81,6.27
,2021,PAK,Pakistan,5.98,123,3,8.35,11.60,9.22,3.37,9.37,17.20,7.00,35.00,7.00,35.00,7.00,7.28,8.24,5.37,3.22,4.81,2.50,4.73,3.17,6.64,3.62,0.71,3.63,8.83,5.83,8.55,3.62,8.10,9.50,0.00,6.37,7.93,3.10,7.76,11.20,5.43,11.42,7.04,3.74,4.33,4.04,10.00,3.32,0.77,0.00,6.22,2.58,5.91,8.00,5.27,10.00,7.76,3.05,2.55,5.48,6.00,2.60,10.00,5.04,4.96,4.65,5.33,2.42,4.66,4.27,4.54,8.87,4.71,6.04,5.76
,2021,PAN,Panama,7.51,39,1,4.75,23.84,9.14,3.67,10.00,10.80,9.00,25.00,4.00,42.00,6.50,7.65,7.61,4.67,4.78,6.67,8.33,5.38,3.85,8.82,5.23,0.94,5.79,8.45,7.74,9.33,1.68,9.67,1.63,10.00,9.36,9.64,0.54,8.98,5.10,6.21,9.49,8.28,6.69,8.90,7.79,10.00,10.00,10.00,0.00,7.60,6.90,8.24,8.00,6.17,10.00,8.06,3.62,4.56,5.99,4.00,4.13,10.00,4.61,5.27,3.95,5.56,6.65,3.96,5.03,8.06,9.20,6.25,7.84,6.55
,2021,PER,Peru,7.52,37,1,6.25,18.75,9.48,2.42,7.78,22.76,8.00,30.00,3.00,48.00,5.50,9.03,7.61,5.05,3.29,5.59,5.83,5.87,3.95,8.54,3.72,1.00,5.23,9.72,1.41,8.91,2.72,9.15,4.27,10.00,9.44,9.75,0.37,9.52,2.40,8.43,3.94,9.23,7.75,6.65,7.20,10.00,10.00,8.46,0.00,6.51,6.24,8.17,8.00,8.76,9.00,8.59,5.28,4.77,7.51,10.00,7.04,10.00,6.36,7.28,2.55,6.44,5.90,4.79,4.92,6.02,8.68,8.75,7.82,7.15
,2021,PHL,Philippines,7.01,70,2,6.73,17.13,8.57,5.76,8.83,19.10,8.00,35.00,7.00,32.00,7.50,7.91,7.91,4.93,3.57,6.66,4.17,4.73,4.46,7.93,2.92,0.82,4.49,9.28,3.61,9.56,1.10,9.21,3.93,10.00,9.51,6.57,5.15,8.78,6.10,7.27,6.83,7.54,6.75,5.09,5.92,10.00,4.73,0.77,0.00,5.20,2.67,6.53,8.00,7.71,10.00,8.57,6.38,5.01,6.99,10.00,2.52,10.00,6.34,6.75,3.32,5.11,3.52,6.54,4.62,5.92,8.96,4.71,6.53,6.62
,2021,PNG,"Papua New Guinea",6.05,118,3,3.54,27.96,8.04,7.69,7.52,23.68,5.00,42.00,5.00,42.00,5.00,6.11,6.04,6.46,5.81,2.77,7.50,5.43,3.01,6.93,0.37,0.82,4.36,9.42,-2.91,8.32,4.19,9.10,4.48,0.00,6.71,6.61,5.08,9.16,4.20,5.72,10.71,7.16,5.00,6.25,5.63,10.00,4.00,7.69,0.00,5.00,4.17,6.74,10.00,4.57,9.00,7.86,7.63,7.25,,10.00,7.01,10.00,5.00,7.82,4.37,2.89,3.52,6.34,4.28,5.87,7.38,3.75,5.67,6.40
,2021,POL,Poland,7.12,59,2,4.41,25.02,4.89,19.24,7.37,24.20,7.00,36.00,4.00,51.00,5.50,6.63,5.76,4.39,5.55,6.32,10.00,6.15,4.71,7.35,6.55,1.00,6.38,8.99,5.04,9.37,1.57,8.99,5.06,5.00,8.09,8.60,2.10,8.98,5.10,6.61,8.48,8.06,7.02,9.98,8.50,10.00,7.25,2.31,8.85,8.13,6.63,8.30,5.00,9.06,10.00,8.02,5.28,6.38,7.43,8.00,7.76,10.00,5.87,7.24,3.14,8.00,6.17,5.63,5.73,7.17,8.68,6.25,7.37,7.09
,2021,PRT,Portugal,7.54,36,1,5.04,22.85,4.17,21.88,10.00,12.70,4.00,53.00,1.00,66.00,2.50,8.47,6.04,7.11,5.91,8.27,10.00,8.10,4.48,7.41,7.74,1.00,7.38,7.01,14.95,9.92,0.20,9.75,1.27,10.00,9.17,8.60,2.10,8.98,5.10,6.61,8.48,8.06,7.42,9.98,8.70,10.00,10.00,6.15,0.00,8.54,6.17,8.23,5.00,8.46,9.00,7.49,3.62,6.02,6.05,6.00,7.04,10.00,7.03,6.54,3.48,6.89,7.17,6.14,5.92,8.07,8.31,6.25,7.54,6.87
,2021,PRY,Paraguay,7.02,68,2,6.88,16.61,8.94,4.40,7.48,23.82,10.00,10.00,7.00,32.00,8.50,8.20,8.00,4.53,3.34,5.13,2.50,4.80,3.29,8.54,2.67,1.00,4.35,8.80,6.02,9.18,2.05,9.04,4.79,10.00,9.25,9.13,1.30,8.08,9.60,6.77,8.06,8.00,5.44,5.96,5.70,10.00,6.35,3.08,0.00,6.87,4.07,6.94,8.00,8.47,9.00,8.49,6.53,3.80,6.76,6.00,2.60,3.00,7.54,5.18,4.28,4.44,5.01,5.38,4.78,7.08,8.94,7.50,7.84,6.57
,2021,QAT,Qatar,6.58,90,3,0.00,43.22,9.61,1.92,,,10.00,0.00,10.00,14.00,10.00,4.14,5.94,6.01,6.49,6.61,6.67,6.81,4.93,9.88,8.96,0.53,5.39,9.67,1.66,4.07,14.83,9.54,2.30,10.00,8.32,9.31,1.03,0.00,51.00,6.76,8.11,5.36,7.07,7.47,7.27,10.00,8.75,4.62,0.00,7.92,5.32,6.99,5.00,10.00,5.00,6.67,7.50,4.28,7.40,4.00,4.82,3.00,5.89,5.27,6.61,7.11,5.78,8.52,7.00,6.16,9.49,2.71,6.12,6.27
,2021,ROU,Romania,7.70,27,1,5.33,21.87,6.37,13.81,8.74,19.42,10.00,10.00,4.00,45.00,7.00,7.30,6.95,6.11,5.33,6.79,8.33,6.31,5.02,9.30,7.05,1.00,6.78,8.68,6.59,9.52,1.20,8.99,5.05,10.00,9.30,8.60,2.10,8.98,5.10,6.61,8.48,8.06,7.30,9.97,8.63,10.00,8.45,3.85,8.85,6.88,7.01,8.43,8.00,6.26,10.00,8.09,4.45,8.75,6.93,8.00,10.00,10.00,6.99,7.87,3.33,5.56,6.52,7.84,5.81,6.09,6.67,6.25,6.34,7.03
,2021,RUS,"Russian Federation",6.28,104,3,4.06,26.19,5.30,17.75,8.02,21.93,10.00,15.00,5.00,37.00,7.50,4.72,5.92,4.16,3.49,4.44,6.67,4.34,4.22,9.70,4.72,0.88,4.91,8.44,7.81,7.55,6.13,8.66,6.69,10.00,8.66,6.63,5.06,8.68,6.60,6.91,7.72,7.41,4.49,6.93,5.71,10.00,3.95,2.31,0.00,2.48,2.18,6.33,5.00,10.00,7.00,7.33,4.42,7.41,7.82,6.00,8.50,3.00,4.33,5.92,3.70,3.33,3.39,5.36,3.95,3.97,8.23,3.13,5.11,5.58
,2021,RWA,Rwanda,6.77,80,2,6.19,18.96,8.83,4.78,0.57,48.00,8.00,30.00,5.00,36.00,6.50,2.57,4.93,4.19,5.26,5.53,,4.86,4.90,9.83,6.57,1.00,5.88,8.42,7.91,8.50,3.74,9.92,-0.39,10.00,9.21,8.55,2.18,7.52,12.40,5.19,12.03,7.09,5.47,5.72,5.60,10.00,6.23,8.46,0.00,5.81,5.13,6.95,5.00,4.82,9.00,6.27,8.75,6.00,6.86,10.00,7.01,10.00,5.41,7.72,6.15,7.33,5.79,6.99,6.57,6.84,9.32,4.42,6.86,6.85
,2021,SAU,"Saudi Arabia",6.64,83,2,0.86,37.06,7.79,8.60,2.24,42.17,10.00,0.00,10.00,20.00,10.00,3.14,4.81,5.52,4.71,7.69,8.33,6.53,4.82,9.97,9.37,0.88,6.70,9.68,1.58,6.36,9.10,9.39,3.06,10.00,8.86,9.23,1.15,8.74,6.30,0.58,23.56,6.18,6.84,7.41,7.13,10.00,6.54,0.77,0.00,5.62,3.23,6.64,5.00,5.53,10.00,6.84,5.89,4.15,7.73,6.00,4.39,10.00,3.60,5.96,6.13,4.67,3.81,9.42,6.00,6.15,9.29,2.71,6.05,6.21
,2021,SDN,Sudan,3.98,162,4,8.41,11.39,9.42,2.63,10.00,7.16,8.00,30.00,3.00,47.00,5.50,3.53,7.37,3.92,2.82,2.45,1.67,3.39,1.90,8.94,0.37,0.29,2.06,0.00,59.57,0.00,88.12,0.00,382.82,5.00,1.25,5.45,6.83,5.68,21.60,3.87,15.34,5.00,2.50,0.92,1.71,10.00,5.21,6.15,0.00,5.00,4.09,5.20,,8.03,0.00,4.02,5.42,3.76,,8.00,2.52,0.00,2.50,3.70,3.69,4.00,1.22,6.49,3.85,4.05,6.76,2.71,4.51,4.02
,2021,SEN,Senegal,6.20,110,3,6.60,17.55,8.91,4.51,7.89,22.38,5.00,40.00,5.00,40.00,5.00,6.85,7.05,5.06,4.19,5.13,4.17,6.04,2.93,6.89,5.96,0.65,4.16,9.16,4.22,9.85,0.37,9.56,2.18,0.00,7.14,9.43,0.85,7.58,12.10,7.05,7.38,8.02,5.23,6.23,5.73,10.00,3.61,0.77,0.00,6.17,2.64,6.60,10.00,7.58,5.00,7.53,2.50,6.10,6.43,4.00,7.19,0.00,6.85,4.72,4.50,5.11,6.30,3.92,4.96,8.02,8.02,5.00,7.01,6.05
,2021,SGP,Singapore,8.56,1,1,3.78,27.16,9.08,3.87,9.45,16.94,10.00,22.00,10.00,22.00,10.00,4.00,7.26,6.59,7.60,9.47,8.33,8.37,8.55,8.96,9.59,1.00,8.43,9.28,3.58,8.98,2.55,9.54,2.30,10.00,9.45,10.00,0.00,10.00,0.00,10.00,0.00,10.00,9.18,9.20,9.19,10.00,10.00,6.92,0.00,9.27,6.55,8.94,10.00,10.00,10.00,10.00,8.75,8.75,8.39,10.00,10.00,0.00,5.67,7.37,7.44,9.56,9.62,9.64,9.06,8.11,9.99,7.50,8.54,8.74
,2021,SLE,"Sierra Leone",5.91,126,4,9.86,6.46,10.00,0.14,2.54,41.10,8.00,30.00,5.00,40.00,6.50,6.61,7.10,5.18,3.56,4.66,4.17,5.92,3.34,5.46,4.61,0.94,4.48,7.54,12.29,8.69,3.29,7.63,11.87,5.00,7.21,7.64,3.54,7.58,12.10,7.05,7.38,7.42,4.70,4.23,4.47,10.00,3.32,0.00,0.00,5.12,2.11,6.00,2.00,0.00,9.00,3.67,4.17,2.50,,8.00,0.00,10.00,5.11,4.96,2.82,3.11,6.44,5.58,4.49,6.17,7.91,3.75,5.94,4.76
,2021,SLV,"El Salvador",7.11,62,2,6.16,19.06,9.45,2.51,10.00,12.25,8.00,30.00,8.00,30.00,8.00,8.99,8.52,2.97,3.21,4.69,4.17,3.29,3.85,8.17,1.29,1.00,3.95,8.69,6.53,9.08,2.30,9.31,3.47,10.00,9.27,9.27,1.09,8.80,6.00,6.71,8.22,8.26,6.36,8.54,7.45,10.00,7.25,3.08,8.85,5.92,6.27,8.00,8.00,5.54,10.00,7.85,4.72,3.80,7.32,6.00,2.60,3.00,6.41,4.84,2.46,4.22,3.50,6.56,4.19,6.22,5.85,6.94,6.34,5.80
,2021,SOM,Somalia,5.66,138,4,10.00,5.94,9.77,1.35,,,7.00,35.00,,,7.00,8.61,8.84,4.40,0.85,0.89,1.67,2.04,2.42,5.99,0.00,0.65,1.88,0.00,147.38,9.38,1.55,9.76,1.18,10.00,7.29,8.81,1.79,,,,,8.81,0.00,5.07,2.53,10.00,0.00,10.00,0.00,2.50,3.13,6.12,,,,,7.50,5.01,,8.00,2.52,10.00,2.50,5.92,,0.00,1.94,0.00,0.65,4.54,,7.50,6.02,4.20
,2021,SRB,Serbia,6.85,76,2,5.78,20.35,3.12,25.75,5.08,32.22,10.00,15.00,6.00,38.00,8.00,7.37,5.87,5.40,3.85,4.93,6.67,5.95,3.15,8.52,5.06,1.00,5.44,8.53,7.33,9.37,1.56,9.18,4.09,5.00,8.02,9.47,0.79,8.52,7.40,7.16,7.10,8.38,6.63,9.75,8.19,10.00,5.44,1.54,9.74,6.57,5.82,8.10,8.00,8.16,10.00,8.72,3.62,6.56,6.79,10.00,7.51,10.00,5.12,7.09,3.49,5.78,4.59,6.24,5.02,5.15,9.29,5.00,6.48,6.83
,2021,SUR,Suriname,5.52,142,4,6.36,18.36,8.58,5.69,7.84,22.57,3.00,48.00,3.00,50.00,3.00,5.56,6.27,5.95,4.40,4.38,5.00,5.49,1.37,4.46,4.12,0.94,4.27,6.75,16.27,0.43,23.93,0.00,59.11,10.00,4.29,8.39,2.42,7.92,10.40,6.13,9.67,7.48,5.78,6.83,6.31,10.00,3.32,0.00,0.00,5.25,2.14,6.48,8.00,8.97,5.00,7.32,6.53,6.00,,10.00,7.01,10.00,5.32,7.48,2.90,1.56,5.35,5.13,3.74,4.96,7.28,7.50,6.58,6.28
,2021,SVK,"Slovak Republic",7.49,41,1,3.73,27.31,4.60,20.33,9.57,16.50,9.00,25.00,2.00,52.00,5.50,7.68,6.22,5.49,5.10,6.59,10.00,6.90,4.38,9.69,5.74,1.00,6.74,7.41,12.93,9.79,0.52,9.37,3.15,10.00,9.14,8.60,2.10,8.98,5.10,6.61,8.48,8.06,6.80,9.98,8.39,10.00,8.43,3.85,5.53,8.94,6.69,8.29,10.00,7.09,9.00,8.70,5.28,7.63,6.59,8.00,7.76,10.00,5.63,7.27,2.31,7.56,7.40,6.42,5.92,6.69,6.03,6.65,6.46,7.09
,2021,SVN,Slovenia,7.23,55,2,3.30,28.77,4.16,21.93,7.71,23.00,4.00,50.00,0.00,66.00,2.00,6.87,4.81,5.91,5.80,6.78,9.17,6.81,5.86,8.32,7.69,0.94,6.84,8.09,9.54,9.79,0.52,9.62,1.92,10.00,9.38,8.60,2.10,8.98,5.10,6.61,8.48,8.06,7.14,9.98,8.56,10.00,8.50,3.08,8.85,6.24,6.67,8.32,5.00,8.20,10.00,7.73,3.62,6.21,6.07,8.00,8.13,10.00,4.68,6.67,2.65,7.78,7.29,7.44,6.29,6.78,6.88,5.97,6.54,6.81
,2021,SWE,Sweden,7.81,17,1,0.86,37.09,4.86,19.35,8.97,18.60,2.00,52.00,0.00,63.00,1.00,7.97,4.73,8.22,8.04,8.77,9.17,8.52,7.41,8.45,8.17,1.00,8.34,8.77,6.17,9.81,0.48,9.57,2.16,10.00,9.54,8.60,2.10,8.98,5.10,6.61,8.48,8.06,7.27,9.93,8.60,10.00,10.00,3.08,8.85,8.80,7.68,8.59,10.00,9.98,8.00,9.33,6.35,8.11,4.30,6.00,10.00,5.00,5.70,6.49,4.59,6.89,9.75,8.07,7.32,8.06,9.01,7.50,8.19,7.83
,2021,SWZ,Eswatini,5.33,150,4,5.08,22.72,9.78,1.30,0.00,50.88,7.00,33.00,7.00,33.00,7.00,3.99,5.17,4.71,4.46,3.00,,3.83,0.80,7.20,4.51,0.53,3.11,9.25,3.73,7.62,5.96,9.26,3.72,5.00,7.78,3.33,10.00,8.46,7.70,5.66,10.86,5.82,2.90,3.28,3.09,10.00,0.82,1.54,0.00,3.07,1.36,5.07,8.00,7.44,10.00,8.48,4.45,3.45,5.87,10.00,6.89,10.00,1.90,6.08,4.04,3.78,2.68,4.32,3.71,2.76,8.68,0.00,3.81,5.52
,2021,SYC,Seychelles,7.12,59,2,0.00,41.87,8.49,6.05,10.00,14.72,8.00,30.00,8.00,30.00,8.00,5.40,6.38,6.38,5.73,5.60,,8.19,5.13,7.08,6.18,0.94,6.14,7.80,10.99,8.40,4.01,8.05,9.77,10.00,8.56,9.49,0.76,9.52,2.40,5.99,10.03,8.33,7.93,5.33,6.63,10.00,8.75,8.46,0.00,6.73,5.99,7.74,5.00,0.00,10.00,5.00,6.95,6.27,5.82,8.00,7.53,10.00,6.48,7.29,5.17,5.78,7.56,8.27,6.69,6.59,9.08,8.75,8.14,6.78
,2021,SYR,"Syrian Arab Republic",3.90,163,4,6.82,16.81,8.97,4.29,0.61,47.85,9.00,22.00,5.00,38.00,7.00,4.01,5.48,3.11,1.80,2.84,3.33,5.05,1.61,4.09,2.18,0.53,2.30,9.25,3.74,0.00,32.19,0.00,98.33,10.00,4.81,8.37,2.45,7.84,10.80,4.82,12.96,7.01,6.37,2.81,4.59,1.34,0.19,0.83,0.00,2.50,0.88,3.45,2.00,4.76,,3.38,7.37,8.75,,6.00,10.00,0.00,1.12,5.54,,0.00,1.82,4.37,2.06,2.91,,2.91,2.91,3.47
,2021,TCD,Chad,5.31,153,4,10.00,5.41,9.92,0.80,1.01,46.46,8.00,30.00,8.00,30.00,8.00,7.83,7.35,2.46,2.18,3.21,,2.28,2.36,6.79,3.11,0.53,2.45,9.99,-0.05,8.03,4.92,9.85,-0.77,0.00,6.97,,,6.42,17.90,6.21,9.49,6.31,4.46,0.77,2.62,10.00,2.07,1.54,0.00,2.98,1.65,5.14,2.00,10.00,10.00,7.33,3.75,3.97,6.10,6.00,7.94,3.00,2.64,4.77,3.64,0.67,0.56,1.58,1.61,3.45,7.20,3.75,4.80,4.63
,2021,TGO,Togo,6.24,107,3,7.30,15.18,9.83,1.13,3.35,38.29,7.00,35.00,,,7.00,6.31,6.76,4.58,2.22,4.69,4.17,4.70,4.45,8.81,5.00,1.00,4.83,9.46,2.68,9.69,0.77,9.14,4.32,0.00,7.07,6.55,5.17,7.58,12.10,7.05,7.38,7.06,5.00,3.29,4.15,10.00,4.57,0.77,0.00,7.50,3.21,6.10,10.00,10.00,5.00,8.33,3.33,6.00,,8.00,7.01,0.00,5.00,4.89,4.38,4.00,7.55,6.61,5.63,6.20,8.15,6.25,6.87,6.43
,2021,THA,Thailand,7.07,64,2,4.15,25.88,8.94,4.40,6.33,27.86,8.00,35.00,8.00,35.00,8.00,6.87,6.86,5.49,4.51,7.77,3.33,4.46,5.17,7.46,4.68,0.94,5.20,9.81,0.94,9.47,1.33,9.75,1.23,10.00,9.76,9.67,0.49,7.70,11.50,3.28,16.79,6.89,6.60,7.99,7.29,10.00,5.84,1.54,0.00,6.24,3.40,6.90,8.00,8.06,10.00,8.69,6.53,4.43,5.64,10.00,1.37,0.00,5.58,4.79,4.58,6.22,2.75,7.47,5.25,8.07,9.08,6.25,7.80,6.63
,2021,TJK,Tajikistan,6.38,100,3,7.99,12.85,9.06,3.94,0.00,60.13,10.00,13.00,7.00,31.00,8.50,3.76,5.86,4.42,2.97,4.05,,1.58,2.84,8.46,5.49,0.88,4.01,8.78,6.09,9.20,2.01,8.26,8.71,10.00,9.06,9.19,1.22,8.40,8.00,7.28,6.80,8.29,6.41,4.54,5.47,10.00,3.40,6.15,0.00,3.51,3.27,6.76,8.00,9.47,8.00,8.49,6.53,6.38,7.37,8.00,7.76,0.00,4.19,5.75,5.62,2.89,2.07,4.99,3.89,6.77,8.35,5.00,6.71,6.21
,2021,TLS,Timor-Leste,5.82,130,4,0.00,48.82,7.70,8.95,4.91,32.80,10.00,10.00,10.00,10.00,10.00,4.53,5.43,5.92,4.94,2.85,,5.99,0.00,5.37,3.40,1.00,4.07,9.62,1.88,0.00,28.72,9.25,3.77,10.00,7.22,9.45,0.83,9.50,2.50,9.84,0.40,9.60,4.64,5.05,4.84,10.00,5.81,8.46,0.00,3.69,4.49,7.23,,0.00,4.00,2.00,3.62,5.26,,8.00,5.51,10.00,5.80,6.36,5.58,5.56,6.72,6.19,6.01,6.14,7.54,5.00,6.23,5.15
,2021,TTO,"Trinidad and Tobago",6.63,85,3,6.00,19.60,7.26,10.57,,,9.00,30.00,6.00,45.00,7.50,6.55,6.83,6.58,5.10,6.48,8.33,5.44,1.48,6.24,1.98,0.94,5.05,9.38,3.11,7.08,7.30,9.59,2.06,10.00,9.01,8.90,1.65,7.86,10.70,3.62,15.94,6.79,5.46,6.18,5.82,7.00,7.34,6.15,0.00,8.02,5.38,6.25,8.00,0.00,7.00,5.00,7.50,5.07,6.05,10.00,5.14,10.00,4.53,6.90,3.46,6.00,5.30,6.32,5.27,7.41,6.78,6.25,6.81,6.00
,2021,TUN,Tunisia,6.02,121,3,5.26,22.10,6.41,13.67,4.67,33.65,5.00,36.00,2.00,53.00,3.50,6.02,5.17,5.09,4.07,5.29,5.83,7.30,4.94,7.33,5.39,0.71,4.82,8.54,7.31,9.56,1.11,8.86,5.71,5.00,7.99,8.83,1.75,7.68,11.60,5.27,11.83,7.26,5.08,8.09,6.59,9.19,3.32,0.77,0.00,5.22,2.33,6.34,5.00,5.49,10.00,6.83,4.30,4.01,5.47,10.00,5.51,3.00,3.89,5.17,3.18,5.33,5.87,6.69,5.27,4.92,8.74,3.75,5.80,5.77
,2021,TUR,TÃ¼rkiye,6.32,101,3,6.14,19.11,6.50,13.36,10.00,13.30,6.00,40.00,3.00,55.00,4.50,6.10,6.65,3.95,3.55,6.46,3.33,4.43,3.84,8.93,5.29,0.94,4.83,6.86,15.70,7.20,6.99,6.08,19.60,10.00,7.54,9.51,0.73,7.86,10.70,1.01,22.47,6.13,6.53,9.57,8.05,10.00,4.23,2.31,0.00,6.67,3.30,6.87,5.00,9.59,4.00,6.20,5.28,2.51,7.10,8.00,2.52,5.00,5.18,5.08,4.41,5.11,2.00,5.30,4.20,6.80,9.28,5.96,7.35,5.71
,2021,TWN,Taiwan,7.97,11,1,4.93,23.25,9.14,3.66,9.89,15.40,7.00,40.00,7.00,40.00,7.00,7.52,7.69,6.43,6.18,8.81,6.67,8.08,6.67,7.89,7.66,1.00,7.30,9.31,3.47,9.32,1.71,9.61,1.96,10.00,9.56,9.52,0.72,8.68,6.60,3.43,16.43,7.21,7.47,8.76,8.12,10.00,7.50,,0.00,8.01,5.17,7.62,5.00,10.00,9.00,8.00,6.05,5.63,8.33,10.00,6.26,5.00,4.92,6.60,4.90,9.56,9.24,7.51,7.80,8.04,9.58,7.50,8.37,7.69
,2021,TZA,Tanzania,6.27,105,3,7.95,12.97,7.99,7.86,2.30,41.94,8.00,30.00,4.00,45.00,6.00,5.66,5.98,5.70,3.99,4.05,5.83,7.28,4.11,7.02,5.08,0.88,5.07,10.00,0.00,9.25,1.89,9.26,3.69,5.00,8.38,7.95,3.08,7.38,13.10,5.07,12.31,6.80,3.76,0.80,2.28,10.00,3.32,1.54,0.00,4.99,2.46,5.39,8.00,8.31,9.00,8.44,5.28,6.64,5.95,10.00,8.27,5.00,3.16,6.33,4.61,1.33,6.59,5.09,4.41,6.64,7.91,6.25,6.93,6.53
,2021,UGA,Uganda,6.64,83,2,8.21,12.10,10.00,0.20,5.48,30.81,5.00,40.00,3.00,50.00,4.00,7.43,7.02,4.69,3.65,5.03,3.33,5.34,3.68,7.92,3.63,0.82,4.25,8.70,6.52,9.34,1.66,9.56,2.20,10.00,9.40,7.89,3.16,6.48,17.60,0.00,33.09,4.79,4.71,4.62,4.67,10.00,7.50,8.46,0.00,5.88,5.46,6.23,8.00,1.70,9.00,6.23,7.50,7.50,8.15,8.00,10.00,10.00,5.65,8.11,4.48,4.44,3.82,5.16,4.48,5.33,9.06,5.00,6.46,6.32
,2021,UKR,Ukraine,6.17,112,3,5.69,20.67,6.03,15.06,8.15,21.46,10.00,20.00,7.00,34.00,8.50,7.94,7.26,4.13,3.47,3.18,8.33,5.54,2.85,9.16,3.56,0.82,4.58,7.66,11.72,7.04,7.39,8.13,9.36,5.00,6.96,9.43,0.86,9.12,4.40,7.99,5.02,8.85,5.21,7.24,6.22,10.00,2.50,0.00,0.00,3.88,1.59,6.67,5.00,7.34,6.00,6.11,4.03,7.13,5.78,6.00,9.25,0.00,5.15,5.33,4.39,4.44,4.38,3.16,4.10,4.88,9.73,3.13,5.91,5.36
,2021,URY,Uruguay,7.06,65,2,5.25,22.13,6.01,15.13,7.10,25.14,7.00,36.00,6.00,44.00,6.50,7.08,6.39,7.61,6.75,7.15,5.83,6.50,3.05,6.45,5.02,0.94,5.87,8.16,9.18,8.84,2.89,8.45,7.75,10.00,8.86,8.62,2.07,7.94,10.30,6.83,7.93,7.80,5.39,6.57,5.98,10.00,8.75,8.46,0.00,7.68,6.22,7.50,5.00,7.13,9.00,7.04,5.70,3.56,1.61,8.00,4.61,10.00,7.31,5.83,3.18,7.11,8.24,7.84,6.59,7.38,6.59,7.50,7.16,6.66
,2021,USA,"United States",8.14,5,1,6.64,17.42,4.74,19.82,9.86,15.50,5.00,40-53,5.00,40-53,5.00,9.40,7.13,7.77,7.68,8.80,6.67,7.54,7.84,8.92,7.65,1.00,7.86,8.96,5.20,9.50,1.25,9.06,4.70,10.00,9.38,8.98,1.53,9.32,3.40,6.48,8.81,8.26,7.01,9.80,8.40,10.00,10.00,3.85,0.00,8.58,5.61,8.07,10.00,3.23,9.00,7.41,9.45,10.00,7.79,10.00,10.00,10.00,6.72,9.14,5.77,6.44,8.29,6.52,6.76,9.96,9.60,10.00,9.86,8.29
,2021,VEN,"Venezuela, RB",3.01,165,4,9.19,8.76,5.77,16.01,0.00,88.34,7.00,34.00,4.00,41.00,5.50,2.78,4.65,2.27,0.98,0.68,1.67,2.25,1.63,8.14,0.69,1.00,2.29,3.78,31.10,0.00,53197.98,0.00,1588.51,0.00,0.94,8.45,2.33,7.24,13.80,6.08,9.80,7.26,4.38,0.00,2.19,10.00,0.31,0.00,0.00,1.75,0.51,4.99,5.00,0.00,5.00,3.33,2.72,1.25,5.66,4.00,,0.00,0.00,2.27,1.28,0.00,1.92,0.00,0.80,1.39,4.98,0.49,2.29,2.17
,2021,VNM,Vietnam,6.26,106,3,7.42,14.78,,,6.87,25.97,7.00,35.00,7.00,35.00,7.00,4.85,6.53,3.96,3.81,4.98,5.00,5.25,4.23,8.79,5.15,1.00,5.15,8.92,5.38,9.54,1.14,9.63,1.83,0.00,7.02,9.49,0.77,8.08,9.60,5.28,11.81,7.61,5.38,5.75,5.56,10.00,4.59,0.77,1.11,5.09,2.89,6.52,,8.32,10.00,9.16,7.63,4.09,6.53,10.00,2.52,0.00,5.11,5.13,3.98,5.56,3.88,4.79,4.55,4.55,8.21,3.96,5.57,6.10
,2021,YEM,"Yemen, Rep.",4.18,161,4,8.75,10.26,9.02,4.10,10.00,7.24,10.00,15.00,8.00,27.00,9.00,4.99,8.35,2.79,1.69,2.69,4.17,2.74,1.89,9.05,1.71,0.41,2.36,9.93,-0.34,0.00,213.65,0.00,63.77,0.00,2.48,8.92,1.62,8.48,7.60,7.81,5.47,8.40,5.77,5.60,5.69,0.00,7.31,6.92,1.33,2.53,4.52,4.65,,0.00,0.00,0.00,8.20,6.26,7.00,8.00,2.52,10.00,2.48,6.35,2.94,0.00,0.62,6.11,2.42,2.07,,5.00,3.54,3.08
,2021,ZAF,"South Africa",6.53,94,3,4.66,24.16,7.87,8.32,5.30,31.46,5.00,45.00,4.00,46.00,4.50,7.44,5.95,6.93,5.42,5.08,8.33,5.65,5.62,6.94,2.13,1.00,5.76,8.97,5.13,9.60,1.00,9.08,4.61,5.00,8.16,9.00,1.49,8.44,7.80,4.70,13.26,7.38,6.47,4.68,5.57,10.00,3.61,0.77,0.00,6.75,2.78,6.43,10.00,2.63,10.00,7.54,5.28,6.64,4.11,8.00,8.27,10.00,4.53,6.69,3.36,4.22,6.34,7.57,5.37,5.30,8.39,3.75,5.81,6.35
,2021,ZMB,Zambia,5.84,129,4,1.68,34.28,9.32,3.01,7.30,24.46,5.00,38.00,3.00,47.00,4.00,8.36,6.13,4.81,4.05,4.16,8.33,5.64,3.00,6.03,3.25,0.94,4.77,6.95,15.24,6.77,8.08,5.60,22.02,10.00,7.33,9.04,1.44,7.08,14.60,5.21,11.97,7.11,2.82,2.43,2.63,10.00,6.25,8.46,0.00,3.45,4.54,6.07,5.00,9.12,9.00,7.71,1.67,0.00,7.49,8.00,0.00,10.00,3.07,4.32,4.22,3.33,4.39,4.30,4.06,2.44,7.85,0.19,3.49,4.89
,2021,ZWE,Zimbabwe,3.81,164,4,6.89,16.58,8.50,6.00,1.21,45.75,4.00,41.00,4.00,42.00,4.00,4.81,5.08,4.14,2.47,2.16,3.33,4.50,1.37,7.05,2.14,1.00,3.40,0.00,104.26,0.00,248.32,0.00,98.55,5.00,1.25,7.61,3.59,6.42,17.90,0.98,22.55,5.00,4.50,1.33,2.92,10.00,3.34,0.00,0.00,1.94,1.32,4.81,8.00,10.00,0.00,6.00,4.58,4.38,3.55,8.00,6.26,10.00,2.66,5.63,2.41,2.67,2.63,4.89,3.15,2.08,7.99,0.00,3.36,4.54
